1.0448, -2.62078, 3.92514, -1.71163, -2.63939, -1.51814, -4.96704, -0.834529, 2.07358, -2.72515, 2.54875, -0.731986, 0.872982, 3.13623, 1.20991, -3.54701, 3.92209, 3.27113, 3.13807, -2.32444, -25,-25
0.100098, -2.29285, 4.92511, -1.71863, -2.87235, -0.545655, -5.12206, -1.82244, 1.49435, -3.54031, 2.15618, -1.65171, 0.415031, 2.24726, 1.04691, -4.53364, 4.39904, 4.15005, 3.13365, -3.32443, -24.6667,-24.6667
-0.877207, -2.50469, 3.93387, -1.8507, -3.8615, -0.692512, -5.19282, -0.824947, 0.556861, -3.88833, 1.19821, -1.36485, -0.47493, 1.79122, 0.0848484, -4.2608, 3.4017, 4.07719, 2.14926, -3.50041, -24.3333,-24.3333
-1.87699, -2.48369, 2.94384, -1.70985, -4.18337, 0.254274, -5.71427, 0.0283331, -0.439952, -3.80856, 1.10233, -0.369459, -1.46183, 1.62987, -0.895246, -4.45933, 2.42379, 3.86817, 1.18801, -3.22473, -24,-24
-2.80763, -2.11775, 2.2014, -1.03994, -4.4792, 1.20951, -6.32027, 0.823804, -1.2621, -3.23929, 0.114477, -0.21404, -2.3831, 2.01879, -1.2389, -3.52024, 1.42477, 3.9124, 0.833448, -2.2897, -23.6667,-23.6667
-3.47534, -1.37333, 1.25694, -1.36858, -4.63987, 0.222505, -5.45099, 0.329485, -2.26061, -3.1847, -0.856553, -0.452996, -3.36525, 1.8307, -2.2271, -3.67347, 1.48955, 2.9145, -0.164744, -2.3498, -23.3333,-23.3333
-3.52678, -2.37201, 0.260264, -1.45006, -4.23565, -0.692156, -4.45317, 0.263408, -3.25727, -3.26642, -1.83343, -0.239174, -3.55776, 0.849405, -2.4358, -4.65144, 1.66074, 1.92926, -0.330119, -1.36357, -23,-23
-2.56502, -2.6459, 0.146909, -2.44361, -3.77189, -1.57812, -4.73639, -0.695646, -2.9782, -4.22669, -1.22598, 0.555189, -3.25716, -0.104346, -1.57162, -5.15462, 1.3139, 0.991341, -1.04461, -0.663922, -22.6667,-22.6667
-2.3568, -3.62399, 0.236607, -3.43958, -4.04163, -2.54105, -4.84379, -1.68986, -2.69627, -5.18613, -1.46338, -0.416224, -3.45453, -1.08467, -1.91216, -4.21439, 0.714383, 0.190981, -1.17003, -1.65602, -22.3333,-22.3333
-2.46738, -4.61785, -0.721841, -3.72485, -3.89685, -3.53051, -4.79032, -2.68843, -3.31425, -5.97232, -1.96224, -1.28291, -4.2295, -0.452675, -0.919616, -4.33632, -0.283521, 0.233642, -1.99927, -2.21492, -22,-22
-3.08175, -5.40687, -1.14715, -4.6299, -3.80803, -4.52656, -4.82549, -3.68781, -3.86308, -6.80826, -0.970414, -1.41052, -4.77408, -1.29138, 0.051412, -4.09735, -1.00765, -0.456027, -2.54201, -3.05482, -21.6667,-21.6667
-3.15202, -6.4044, -1.69735, -5.46493, -2.86128, -4.84854, -5.82474, -3.72651, -4.36552, -7.67287, -0.208159, -2.05779, -4.93245, -2.27876, 0.500758, -4.99071, -1.20383, -1.43659, -3.32149, -3.68125, -21.3333,-21.3333
-3.47804, -7.34976, -2.31235, -6.25345, -2.49711, -5.77987, -5.81632, -4.72648, -4.6416, -8.634, -0.152943, -3.05627, -5.90308, -2.51936, 0.749372, -5.95931, -2.0305, -1.99927, -3.11876, -4.66049, -21,-21
-4.31615, -7.89526, -2.37275, -7.25163, -3.44939, -6.08509, -5.27539, -5.56755, -5.2467, -9.43015, -0.704518, -3.89039, -6.26878, -3.45009, 0.107556, -6.72617, -1.13908, -2.45244, -3.01817, -5.65542, -20.6667,-20.6667
-4.503, -8.87765, -2.91525, -8.09169, -3.96975, -6.93904, -6.24461, -5.32134, -5.6533, -10.3438, -0.78873, -4.88684, -7.26428, -3.54484, -0.889562, -6.6503, -1.70623, -3.27606, -3.60773, -6.46314, -20.3333,-20.3333
-5.03869, -9.72206, -3.55765, -8.85806, -4.33058, -7.87167, -6.44987, -6.30004, -6.11865, -11.2289, -0.311555, -5.76565, -7.01609, -4.51355, -1.17037, -7.61006, -2.2103, -4.13972, -4.45224, -6.99868, -20,-20
-5.6198, -10.5359, -4.46917, -9.2693, -3.54841, -8.49474, -6.66234, -7.27721, -6.48366, -12.1599, -0.962788, -6.52453, -7.31266, -5.46856, -1.35487, -8.59289, -2.37038, -5.12682, -3.45424, -7.06201, -19.6667,-19.6667
-6.22773, -11.3299, -5.08293, -10.0588, -4.54692, -8.44013, -7.14612, -8.1524, -7.15938, -12.8971, -0.971716, -7.52449, -8.29236, -5.66904, -1.94868, -9.3975, -3.36483, -5.0216, -4.45384, -7.03362, -19.3333,-19.3333
-6.46434, -12.3015, -5.46229, -10.984, -5.15735, -9.2322, -6.17048, -8.37179, -7.86468, -13.606, -1.81458, -8.06261, -8.58143, -6.62635, -2.6644, -10.0959, -4.32525, -4.74305, -5.20553, -7.69313, -19,-19
-7.40492, -12.641, -6.21409, -11.6434, -4.31501, -9.77115, -5.28026, -8.82733, -8.58697, -14.2976, -1.77536, -9.06184, -7.58898, -6.74899, -3.39086, -10.7831, -5.30198, -4.95756, -4.57071, -8.46578, -18.6667,-18.6667
-7.60092, -13.6216, -6.58391, -12.5725, -4.15754, -10.7587, -4.40036, -9.30247, -9.3315, -14.9651, -1.63345, -10.0517, -6.60693, -6.93761, -3.66028, -11.7461, -6.21098, -5.37435, -5.36554, -9.07262, -18.3333,-18.3333
-8.48696, -14.0853, -5.60681, -12.7853, -4.86666, -11.4638, -4.47865, -10.2994, -10.0569, -15.6535, -0.701759, -9.68848, -7.18731, -7.75196, -4.58744, -12.1208, -6.54159, -6.31812, -6.06367, -9.78858, -18,-18
-9.27566, -14.7, -6.15314, -13.6229, -5.85924, -11.5854, -4.00885, -11.1822, -9.65646, -16.5699, -1.68689, -9.5167, -7.80798, -8.53603, -5.48183, -12.5681, -7.03871, -7.1858, -5.80114, -10.7535, -17.6667,-17.6667
-9.54157, -15.664, -7.09888, -13.9478, -6.8083, -11.9005, -4.88552, -11.6633, -10.6141, -16.282, -2.35194, -10.2635, -8.20561, -9.45358, -5.25146, -13.5412, -6.28874, -7.84726, -6.21208, -11.6652, -17.3333,-17.3333
-8.82959, -14.9618, -7.97576, -14.4285, -7.09619, -12.8581, -4.87857, -10.6633, -9.83195, -15.6589, -2.44114, -11.2595, -8.89886, -10.1743, -5.25105, -14.5412, -6.83751, -8.68323, -6.30053, -12.6612, -17,-17
-7.85183, -15.1716, -8.76673, -13.8167, -7.79369, -13.5747, -5.07749, -11.6433, -9.90988, -16.6558, -3.44112, -11.2659, -9.69892, -10.7742, -6.11515, -15.0445, -6.99649, -9.67052, -7.22032, -13.0536, -16.6667,-16.6667
-8.69694, -15.7062, -9.70234, -14.1697, -8.7105, -13.1754, -5.26663, -12.6253, -10.1585, -15.6872, -4.43165, -11.4032, -8.69904, -10.7898, -6.18163, -14.0467, -6.6132, -10.5941, -7.45732, -12.0821, -16.3333,-16.3333
-7.70026, -15.7877, -8.92054, -14.7932, -9.7104, -13.1894, -6.2634, -12.7056, -10.3187, -14.7002, -5.42973, -11.3414, -7.72601, -11.0205, -5.3041, -13.5672, -7.22443, -9.80269, -6.67784, -11.4557, -16,-16
-6.70512, -15.6892, -8.42118, -15.6596, -8.73487, -12.9695, -5.49596, -12.0645, -11.0718, -14.0423, -4.62808, -10.7436, -7.1098, -11.8081, -4.3044, -13.5917, -8.20086, -9.58685, -5.68091, -11.3773, -15.6667,-15.6667
-6.79302, -16.6853, -8.63351, -14.6824, -9.64662, -12.5588, -5.92498, -11.1612, -10.128, -13.7117, -4.62662, -9.74361, -7.91888, -11.2204, -4.0542, -12.6235, -8.50398, -8.6339, -6.21085, -12.2254, -15.3333,-15.3333
-6.82271, -15.6858, -9.19569, -13.8554, -9.30572, -11.6187, -5.71545, -10.1834, -9.72325, -12.7973, -5.16448, -8.90058, -7.72447, -10.2394, -4.76423, -11.9193, -7.7214, -9.25646, -6.03773, -13.2103, -15,-15
-6.29309, -14.8375, -8.36706, -13.2956, -8.36385, -11.2827, -5.50726, -9.20528, -8.99394, -12.1132, -4.97125, -7.91942, -8.72446, -10.2341, -4.18122, -11.1068, -7.54411, -10.2406, -5.84531, -12.229, -14.6667,-14.6667
-7.20293, -15.2525, -9.36623, -13.255, -7.40031, -11.0152, -4.93288, -8.3867, -9.01577, -11.1134, -5.97116, -7.90575, -8.70826, -9.23426, -4.15173, -10.1073, -8.14225, -11.042, -4.97716, -11.7327, -14.3333,-14.3333
-6.3248, -14.774, -8.99689, -12.3257, -7.30848, -10.0194, -4.00524, -8.76018, -9.97566, -11.3938, -5.68372, -8.86355, -7.92523, -9.85625, -4.42573, -11.069, -8.24858, -10.0477, -4.64943, -12.6774, -14,-14
-5.45553, -14.2797, -7.998, -12.2786, -6.92974, -9.09389, -3.59727, -7.84719, -9.09221, -11.8623, -6.21487, -8.01627, -6.92527, -9.84801, -3.43614, -11.213, -7.94752, -11.0013, -4.0342, -13.4658, -13.6667,-13.6667
-4.45557, -14.2713, -8.73562, -12.9539, -7.9293, -9.12337, -3.78754, -8.82892, -8.90707, -12.845, -5.21598, -7.9692, -6.75405, -10.8332, -2.7969, -11.982, -8.90647, -11.2849, -4.00496, -14.4653, -13.3333,-13.3333
-4.49224, -13.272, -7.7829, -13.2577, -8.35341, -8.21776, -2.87744, -9.2433, -9.90702, -12.835, -5.25464, -6.96995, -6.50683, -9.86428, -1.9197, -11.5018, -8.47514, -10.3827, -3.96546, -13.4661, -13,-13
-4.52105, -14.2716, -7.2449, -12.4148, -7.42866, -7.83717, -2.77537, -8.24853, -9.18816, -12.1399, -5.37807, -5.97759, -6.25617, -8.89621, -2.11046, -10.5202, -7.88588, -9.57473, -3.92398, -12.467, -12.6667,-12.6667
-4.66179, -13.2815, -6.87102, -11.4873, -7.22236, -6.85868, -3.40641, -7.47277, -8.72092, -11.2558, -5.37149, -4.97761, -5.86569, -7.97559, -1.74757, -9.58836, -7.81629, -8.57715, -3.80357, -11.4743, -12.3333,-12.3333
-4.63148, -12.282, -6.82267, -12.4861, -6.98392, -5.88752, -3.15527, -6.50482, -8.62274, -10.2606, -5.0671, -4.02507, -5.63767, -7.00194, -2.38299, -8.8162, -7.40452, -7.66586, -3.77117, -10.4748, -12,-12
-3.7262, -11.8572, -5.82937, -12.3706, -6.01786, -5.62921, -2.1553, -6.51279, -7.73913, -9.79237, -4.47703, -4.83242, -4.65426, -7.18333, -3.36165, -8.61069, -6.49821, -8.08849, -4.73919, -10.224, -11.6667,-11.6667
-3.56889, -10.8696, -4.85019, -12.1676, -5.77371, -4.65947, -2.29341, -5.52237, -7.51635, -8.8175, -3.51581, -5.10819, -3.79699, -6.66845, -2.50604, -8.09307, -6.50295, -7.0885, -4.35372, -9.30124, -11.3333,-11.3333
-4.55412, -10.6984, -4.94502, -11.1721, -5.18997, -3.84753, -1.39607, -5.08101, -7.34188, -7.83283, -3.31921, -6.08867, -3.12853, -5.92471, -2.19113, -7.14395, -6.30215, -6.10887, -3.6438, -8.59696, -11,-11
-4.0342, -9.84419, -4.49423, -10.2795, -5.41686, -4.82145, -0.461215, -5.43604, -6.34627, -7.92647, -3.28985, -5.08911, -2.1827, -5.60005, -3.19112, -7.13975, -5.3226, -6.31007, -2.65878, -8.4245, -10.6667,-10.6667
-3.78826, -8.87491, -4.36954, -9.28726, -6.2813, -4.3187, -0.0398069, -4.52917, -7.22391, -7.44713, -4.27507, -4.91778, -1.18919, -5.48626, -2.66785, -6.28758, -5.14973, -7.29502, -1.6588, -8.41794, -10.3333,-10.3333
-2.86052, -8.50167, -5.36352, -9.3968, -5.92626, -3.38385, -0.0630008, -3.52943, -6.2876, -7.79833, -3.2854, -4.77437, -0.205223, -5.30793, -1.69295, -6.06494, -4.29952, -6.76858, -0.724642, -8.06109, -9.99999,-9.99999
-1.90301, -8.79007, -4.37472, -9.54601, -5.0989, -2.82217, 0.588708, -4.2879, -5.2938, -7.68718, -2.7021, -5.58662, 0.621282, -4.745, -0.708974, -6.24326, -3.30016, -6.80448, -1.72358, -8.1072, -9.66666,-9.66666
-1.79776, -7.79563, -4.05244, -8.59936, -4.57621, -3.67469, -0.404824, -4.40146, -5.38979, -6.6918, -1.71749, -5.76137, 0.767206, -5.7343, 0.211999, -5.85364, -2.95574, -7.74329, -2.723, -8.1411, -9.33332,-9.33332
-2.29168, -8.66513, -3.34602, -7.89157, -3.62276, -3.97623, -0.0866823, -4.00011, -4.94553, -5.7959, -0.769187, -5.44401, 1.00414, -4.76277, 0.490771, -6.81399, -2.54173, -6.83302, -3.38687, -7.39325, -8.99999,-8.99999
-1.51566, -8.03443, -2.40028, -7.56663, -3.45283, -2.99078, 0.290884, -3.07413, -3.95426, -5.6641, -0.496486, -4.48191, 1.95895, -4.46557, 0.601747, -5.82017, -3.39136, -6.30564, -2.38854, -7.33552, -8.66666,-8.66666
-0.621532, -8.48225, -3.40028, -7.56422, -4.42342, -2.75004, 0.399132, -4.06825, -4.24562, -4.70749, -0.307184, -5.46383, 1.84805, -3.47174, 1.59485, -5.93739, -2.39145, -6.31873, -1.38864, -7.32143, -8.33332,-8.33332
-0.739317, -7.48921, -3.17041, -8.53744, -5.28623, -3.25556, 1.1659, -4.71017, -4.2503, -3.7075, 0.667176, -5.68882, 2.67266, -4.03744, 2.50047, -6.36149, -2.1634, -5.34508, -0.968249, -6.41408, -7.99999,-7.99999
0.190923, -7.12226, -2.42264, -7.87348, -4.29939, -3.09387, 2.14823, -4.52301, -3.26591, -3.53149, 1.46738, -5.0891, 3.67233, -4.01166, 2.48371, -5.36163, -1.94746, -4.36867, -0.101754, -5.9149, -7.66666,-7.66666
1.17755, -7.28525, -1.44979, -8.10492, -3.29948, -3.08095, 2.34928, -5.50259, -2.26602, -3.54592, 2.01043, -4.24939, 3.62882, -3.01261, 3.18324, -4.64702, -0.994222, -4.67088, 0.627194, -6.59947, -7.33332,-7.33332
1.7465, -6.46288, -0.549111, -8.5394, -3.02231, -4.04177, 3.13896, -6.11611, -1.36021, -3.96961, 2.8474, -4.79663, 4.60875, -3.21197, 3.63926, -3.75705, -0.566332, -3.76705, 1.19762, -7.42082, -6.99999,-6.99999
2.45867, -5.76088, 0.440781, -8.39758, -2.31959, -4.75324, 4.0752, -6.46748, -0.648691, -4.67228, 2.90941, -5.7947, 5.60563, -3.13314, 3.62418, -2.75717, 0.43317, -3.7355, 1.52829, -6.47707, -6.66666,-6.66666
2.45085, -4.76091, 1.44069, -8.3842, -2.26062, -3.75498, 4.09134, -5.46761, -0.160802, -3.79937, 3.19357, -6.75348, 5.09158, -3.9909, 4.2619, -3.52744, 0.569537, -2.74484, 2.51598, -6.32064, -6.33332,-6.33332
1.52763, -5.14518, 0.507831, -8.74444, -1.83211, -2.85144, 3.23696, -5.98726, -0.118612, -4.79848, 2.23368, -7.03384, 5.01718, -4.98813, 4.73728, -4.40722, 1.56215, -2.86616, 3.19441, -7.05531, -5.99999,-5.99999
0.608011, -5.538, -0.337447, -9.27877, -1.74514, -1.85523, 4.22609, -6.13431, 0.804857, -5.18216, 2.24664, -6.03393, 5.27668, -5.95387, 4.30575, -5.30932, 2.27644, -3.566, 3.38814, -8.03636, -5.66666,-5.66666
1.57222, -5.80314, 0.44888, -8.66096, -1.4353, -2.80602, 3.80303, -7.04041, 1.45482, -4.42219, 1.37668, -6.52706, 5.7608, -6.82887, 5.24462, -4.96506, 3.19966, -3.9503, 4.38656, -8.09257, -5.33332,-5.33332
2.45255, -6.27751, 1.30325, -9.18062, -0.62433, -3.3911, 4.01038, -8.01868, 2.45436, -4.39187, 2.37092, -6.63422, 6.11655, -7.76345, 5.38856, -5.95465, 4.09125, -4.40314, 4.76907, -9.01652, -4.99999,-4.99999
1.45255, -6.27729, 1.61505, -10.1308, -0.152513, -4.2728, 3.04044, -8.26201, 2.62314, -3.40622, 3.34164, -6.87443, 6.8857, -7.12439, 6.10242, -5.25436, 4.52949, -5.30199, 5.69779, -9.3873, -4.66666,-4.66666
1.5869, -5.28636, 2.56423, -9.81603, 0.844265, -4.19259, 4.03496, -8.15747, 3.62308, -3.41702, 2.9967, -5.93581, 7.45543, -6.30255, 6.18058, -4.25742, 4.56493, -6.30137, 5.67409, -8.38758, -4.33332,-4.33332
2.54117, -4.9874, 3.54253, -9.60885, 0.929642, -3.19624, 4.90368, -7.66216, 4.61254, -3.56182, 3.67654, -5.20245, 7.45941, -7.30254, 7.07055, -3.80139, 3.5695, -6.20592, 6.62785, -8.08702, -3.99999,-3.99999
1.66543, -4.50461, 2.54837, -9.5009, 1.49595, -4.02043, 5.86923, -7.92236, 5.02605, -2.65132, 4.5797, -5.63175, 6.52079, -7.6475, 8.06229, -3.67318, 4.07077, -7.07121, 7.42742, -8.68759, -3.66666,-3.66666
2.58022, -4.90853, 1.54861, -9.52259, 0.65925, -4.56809, 6.17457, -8.8746, 5.34112, -3.60039, 5.25918, -6.36544, 7.19606, -8.38507, 7.92819, -4.66415, 3.86001, -8.04875, 8.25091, -8.12026, -3.33332,-3.33332
2.84424, -5.87305, 2.53271, -9.7002, 1.49919, -4.02541, 6.95272, -9.50268, 6.3389, -3.53391, 4.8737, -7.28815, 7.78226, -9.19524, 7.11359, -5.24417, 4.01156, -7.0603, 8.59338, -7.18074, -2.99999,-2.99999
3.8441, -5.85664, 3.52655, -9.5894, 2.4954, -4.11241, 6.78206, -8.51734, 5.77765, -2.70627, 5.38496, -8.14758, 8.07314, -8.23848, 7.79804, -4.51511, 4.71479, -6.34934, 9.00322, -6.26858, -2.66666,-2.66666
4.60059, -6.51064, 4.41435, -10.0496, 2.84944, -5.04764, 6.58031, -9.49678, 6.38265, -1.91004, 5.57875, -7.16654, 7.08894, -8.41555, 7.56586, -5.48778, 5.35279, -7.11938, 8.42982, -5.4493, -2.33332,-2.33332
4.75562, -7.49855, 3.67151, -10.7191, 2.61443, -6.01964, 7.15221, -10.3171, 6.29226, -2.90595, 5.49563, -8.16308, 6.17486, -8.82108, 7.50859, -6.48614, 4.70087, -7.87767, 8.62999, -6.42907, -1.99999,-1.99999
5.75526, -7.52519, 4.41604, -10.0515, 3.0904, -5.14017, 7.64822, -11.1854, 6.79303, -3.77153, 4.77732, -8.8588, 6.0571, -7.82803, 6.92079, -7.29515, 4.2614, -8.77593, 8.82645, -7.40958, -1.66666,-1.66666
5.58662, -8.51087, 5.41508, -10.0079, 2.84907, -6.11062, 7.74884, -12.1803, 5.90724, -4.2356, 4.63557, -9.8487, 7.05633, -7.8673, 6.27654, -6.53035, 4.26636, -9.77591, 7.83297, -7.29556, -1.33332,-1.33332
6.22219, -9.28291, 5.14115, -10.9696, 3.82757, -5.90439, 6.75544, -12.0657, 5.24701, -4.98666, 4.66238, -10.8483, 8.03456, -8.07482, 7.27551, -6.48499, 3.29388, -9.54295, 7.09943, -7.9752, -0.99999,-0.99999
6.8993, -8.54703, 4.84639, -10.0141, 3.50583, -4.95756, 5.91654, -11.5214, 5.43934, -5.96799, 4.34015, -9.90168, 8.46652, -8.97672, 8.27525, -6.50776, 3.55131, -8.57666, 7.73701, -7.20482, -0.666656,-0.666656
6.90964, -7.54709, 4.61987, -10.9881, 2.64584, -5.46786, 5.05612, -12.031, 5.73085, -6.92456, 3.35566, -10.0771, 9.32697, -9.48625, 8.80702, -5.66087, 4.54811, -8.65667, 7.75563, -8.20464, -0.333323,-0.333323
7.15891, -6.57865, 5.61083, -11.1223, 3.58931, -5.13639, 5.33002, -11.0692, 6.67844, -7.24405, 4.34971, -9.96825, 8.95341, -8.55864, 7.81381, -5.77718, 5.22401, -9.39367, 6.76386, -8.07656, 1.055e-05,1.055e-05
8.11043, -6.27109, 6.33803, -11.8087, 4.22548, -4.36484, 6.33002, -11.0673, 5.69178, -7.08125, 5.31674, -10.2229, 9.64716, -7.83842, 6.84819, -6.03714, 4.22725, -9.4741, 5.7851, -8.28155, 0.333344,0.333344
7.35987, -6.93188, 7.33592, -11.7437, 3.22551, -4.37256, 6.47455, -10.0778, 4.90527, -7.69882, 5.47145, -11.2109, 8.81627, -8.39486, 6.45504, -6.95661, 3.4945, -8.7936, 5.73255, -7.28293, 0.666677,0.666677
8.0773, -6.23526, 6.66804, -10.9994, 2.25464, -4.6122, 7.46581, -9.94591, 3.93728, -7.94983, 4.48231, -11.0639, 7.82841, -8.55018, 5.49407, -6.67995, 2.74923, -9.46037, 6.29212, -8.11171, 1.00001,1.00001
8.95815, -5.76186, 6.82115, -10.0112, 3.25236, -4.67967, 7.76002, -8.99017, 4.6205, -7.21961, 3.51971, -11.3348, 8.78287, -8.25185, 5.09331, -5.76377, 3.72547, -9.6771, 6.37011, -7.11476, 1.33334,1.33334
8.96885, -4.76191, 6.96194, -9.02116, 2.74392, -3.81857, 7.67662, -7.99365, 4.59172, -8.2192, 4.04064, -10.7768, 8.42356, -9.18507, 6.00108, -6.18324, 3.33049, -10.5958, 6.72614, -6.18029, 1.66668,1.66668
9.83301, -4.2587, 7.26927, -8.06955, 1.84002, -3.39084, 7.90378, -7.01979, 5.56492, -8.44919, 4.99767, -10.4869, 9.31175, -8.7256, 6.00614, -7.18323, 4.28508, -10.2979, 7.34914, -5.39806, 2.00001,2.00001
8.92664, -4.68119, 6.31557, -7.76879, 2.25216, -4.30196, 7.43429, -6.13686, 5.45418, -7.45534, 5.15715, -9.49966, 8.32305, -8.5757, 5.45748, -6.34718, 3.73161, -9.46502, 6.35216, -5.47564, 2.33334,2.33334
9.56372, -5.45199, 5.31616, -7.80339, 1.97093, -3.34232, 7.63785, -5.15779, 4.45448, -7.43079, 4.83934, -10.4478, 8.35395, -7.57617, 6.45667, -6.30694, 4.66537, -9.10712, 6.17884, -6.46051, 2.66668,2.66668
8.74519, -6.02644, 5.60387, -8.76111, 2.94867, -3.55214, 8.33597, -5.16779, 3.59657, -6.91699, 5.83686, -10.5182, 9.35362, -7.60172, 7.27227, -5.72833, 5.37758, -8.40515, 7.11218, -6.81951, 3.00001,3.00001
8.09513, -6.78633, 4.68707, -9.16045, 2.82848, -4.54489, 7.3727, -4.89925, 3.43327, -7.90357, 5.08717, -9.85645, 8.36835, -7.43074, 6.27945, -5.84794, 6.28709, -8.82082, 6.73541, -7.74582, 3.33334,3.33334
7.30771, -6.16991, 4.50125, -8.17787, 3.82826, -4.56598, 8.37237, -4.92507, 4.43318, -7.89059, 5.59878, -8.99724, 7.3688, -7.4005, 5.27979, -5.82185, 6.37435, -7.91142, 6.73679, -6.74582, 3.66668,3.66668
6.42061, -5.70834, 5.492, -8.04211, 4.2009, -3.63801, 9.17681, -4.33105, 4.67567, -6.92044, 6.44325, -8.46163, 8.04846, -6.66696, 5.22704, -6.82046, 5.42825, -7.58756, 7.41259, -6.00874, 4.00001,4.00001
5.43238, -5.55532, 6.49043, -7.9861, 4.28783, -4.63422, 8.34801, -3.7715, 4.79371, -7.91345, 5.44786, -8.55755, 7.69614, -5.73108, 4.22706, -6.82798, 4.42874, -7.55631, 6.75762, -6.76439, 4.33334,4.33334
4.43917, -5.43902, 6.37094, -8.97893, 5.28763, -4.65417, 9.22677, -3.29423, 5.67868, -8.37909, 5.62865, -7.57403, 8.67614, -5.53205, 3.60695, -7.61249, 3.63659, -6.94598, 7.03795, -5.80449, 4.66668,4.66668
4.2547, -4.45618, 5.85479, -8.12244, 4.41156, -5.13634, 9.31481, -4.29035, 6.67019, -8.24906, 5.40132, -6.60021, 7.69315, -5.34837, 2.60817, -7.56312, 2.67453, -6.67313, 8.02544, -5.64679, 5.00001,5.00001
3.30876, -4.78055, 5.85083, -7.12244, 4.06333, -4.19893, 8.41695, -4.73063, 6.1835, -9.12263, 5.07272, -5.65574, 6.75068, -5.01409, 1.61826, -7.70482, 1.89696, -6.04433, 7.96214, -4.64879, 5.33334,5.33334
3.19104, -5.77359, 5.04203, -6.53435, 3.72336, -3.25849, 7.59157, -5.2952, 5.2853, -9.56221, 5.98978, -5.25699, 6.6892, -4.01598, 1.11095, -6.84306, 1.68788, -6.70805, 7.13061, -4.09332, 5.66668,5.66668
3.03672, -6.76161, 5.23887, -5.55392, 4.56102, -2.71231, 7.72091, -6.2868, 6.10757, -8.99312, 5.27117, -4.56158, 6.71237, -3.01625, 1.59457, -7.71833, 2.17741, -5.83606, 7.79049, -3.34195, 6.00001,6.00001
3.88121, -6.22604, 4.35819, -5.08019, 5.40844, -2.18139, 7.2021, -7.14168, 6.27113, -8.00659, 4.87571, -3.6431, 7.40214, -2.29222, 2.42346, -7.15893, 2.8746, -5.11917, 8.64788, -2.82728, 6.33334,6.33334
3.65421, -5.25214, 4.29992, -4.08189, 5.49316, -1.18499, 7.0963, -6.1473, 5.88967, -7.08221, 4.56033, -2.69413, 6.83848, -1.46621, 2.17219, -8.12684, 2.98273, -4.12503, 9.12266, -3.70739, 6.66668,6.66668
2.9126, -4.5813, 4.16353, -3.09124, 5.21131, -0.225525, 7.51231, -5.23793, 5.86442, -6.08253, 4.5854, -1.69444, 6.20119, -0.695584, 2.27274, -7.13191, 3.94155, -3.84099, 8.24011, -3.23716, 7.00001,7.00001
3.28794, -3.65442, 4.54038, -2.16496, 6.18027, -0.472771, 8.34148, -4.67894, 5.73984, -5.09032, 5.58116, -1.60251, 7.19944, -0.754731, 2.36986, -6.13664, 4.5048, -4.66728, 7.28302, -2.94739, 7.33335,7.33335
3.66401, -2.72782, 5.5367, -2.07929, 6.79216, 0.318167, 8.27254, -5.67656, 6.55374, -4.50931, 6.57745, -1.51641, 6.20555, -0.644338, 2.39345, -7.13636, 4.26168, -5.63727, 7.74004, -3.83684, 7.66668,7.66668
2.72962, -2.37156, 4.79536, -1.40815, 7.75212, 0.0380324, 8.32866, -6.67499, 5.55375, -4.50379, 6.60285, -2.51609, 5.2917, -1.05039, 1.75108, -7.90275, 4.2251, -4.63794, 6.74133, -3.78612, 8.00001,8.00001
2.69942, -1.37202, 4.68365, -2.40189, 6.98784, -0.606844, 8.57782, -5.70653, 5.82129, -3.54024, 5.72218, -2.98983, 4.3365, -0.75443, 1.90392, -6.9145, 3.41473, -4.05203, 5.79783, -3.45475, 8.33335,8.33335
3.1221, -0.465741, 4.77704, -1.40626, 6.0108, -0.393773, 8.25234, -4.76098, 6.80064, -3.74244, 4.81517, -2.56873, 3.43965, -1.19675, 2.24235, -5.97351, 2.4221, -3.93082, 5.08803, -2.75034, 8.66668,8.66668
3.67977, -1.29581, 3.84593, -1.771, 6.19981, 0.588202, 7.61297, -3.99208, 6.97901, -2.75847, 4.69824, -1.57559, 3.52294, -0.200224, 1.46197, -5.3482, 2.66394, -2.9605, 5.11896, -1.75082, 9.00001,9.00001
3.6379, -0.296685, 3.9498, -2.7656, 5.58778, 1.37904, 6.61996, -3.87403, 7.00605, -1.75884, 4.45445, -0.605758, 2.91332, 0.592468, 1.80368, -4.40839, 1.66427, -2.93491, 5.11027, -0.750861, 9.33334,9.33334
3.06716, 0.524448, 3.73906, -1.78805, 5.45208, 2.36979, 5.6803, -3.53192, 6.80736, -0.778779, 4.293, 0.381122, 2.54523, 1.52226, 2.02466, -3.43312, 0.944565, -2.24062, 4.89978, 0.226733, 9.66668,9.66668
2.98293, 1.52089, 4.32425, -0.977155, 4.45462, 2.29854, 6.03984, -4.46505, 6.87389, 0.219005, 3.34022, 0.684785, 2.55212, 2.52223, 2.81503, -2.82048, 1.941, -2.15631, 4.93727, 1.22603, 10,10
3.87886, 1.96509, 3.36859, -0.682693, 5.45029, 2.20557, 6.21628, -3.48074, 5.95703, 0.618214, 2.41915, 1.07419, 3.02747, 3.40203, 2.09817, -2.12326, 1.59278, -3.09372, 4.85464, 2.22261, 10.3333,10.3333
4.40767, 1.11635, 3.67522, 0.269135, 5.37056, 1.20876, 6.15526, -2.4826, 4.9592, 0.552235, 2.41103, 0.0742266, 2.97648, 4.40073, 1.73926, -1.18989, 0.654161, -2.74875, 3.9957, 2.73469, 10.6667,10.6667
4.74736, 0.175809, 3.58605, 1.26515, 4.95256, 0.300308, 5.85305, -1.52936, 5.95128, 0.67789, 1.82265, -0.734361, 2.39972, 5.21764, 0.955716, -0.568552, 0.814775, -1.76174, 3.75823, 3.70608, 11,11
4.04732, -0.538294, 3.02752, 2.09463, 4.70232, 1.26849, 5.1297, -0.838882, 5.04701, 1.10485, 1.84506, 0.265388, 2.87161, 6.09929, 1.43361, -1.44697, 1.47144, -1.00755, 3.04067, 4.40258, 11.3333,11.3333
3.96176, 0.45804, 2.03165, 2.18547, 4.4951, 2.24679, 5.99826, -0.343304, 4.81907, 2.07853, 1.84638, 1.26539, 2.05997, 6.68344, 0.469925, -1.17992, 1.26079, -0.02999, 3.08013, 5.4018, 11.6667,11.6667
3.1826, 1.08486, 1.03172, 2.19745, 4.35422, 3.23681, 5.32742, -1.0849, 4.31266, 1.21624, 1.76155, 2.26178, 2.99398, 6.3262, -0.509679, -0.978986, 1.82692, 0.794327, 3.85288, 6.03651, 12,12
4.15955, 0.871395, 1.97412, 1.86296, 5.34073, 3.40053, 4.3336, -0.973869, 3.33971, 1.44726, 0.907159, 2.78142, 2.69885, 7.28166, -0.45389, -1.97743, 1.31462, -0.0644793, 3.35156, 6.90177, 12.3333,12.3333
3.87972, 1.83144, 1.99301, 2.86278, 5.41198, 4.39798, 4.48387, 0.0147772, 2.34896, 1.58291, -0.0926626, 2.80029, 3.18375, 8.15623, -1.43936, -2.14727, 1.37564, 0.933657, 4.29547, 7.23197, 12.6667,12.6667
3.88241, 2.83144, 2.01174, 3.86261, 5.43125, 5.3978, 4.79508, 0.965116, 2.8153, 2.46752, 0.14213, 1.82824, 4.16079, 8.36931, -1.05528, -1.22397, 1.78311, 0.0204396, 5.28645, 7.36598, 13,13
3.7356, 3.82061, 2.1077, 4.85799, 6.3224, 5.85151, 5.77118, 1.18245, 3.02304, 3.4457, 1.12895, 1.99007, 4.95182, 8.98108, -0.60064, -0.333295, 2.01, 0.994359, 5.89949, 8.15603, 13.3333,13.3333
4.3612, 4.60075, 3.07757, 5.10161, 7.28049, 6.13798, 5.59133, 2.16615, 2.12979, 3.89526, 2.07224, 2.32203, 5.86296, 8.569, -0.521457, 0.663565, 1.01093, 1.03747, 6.89497, 8.06103, 13.6667,13.6667
5.35312, 4.72757, 4.06108, 5.28247, 8.20743, 6.51319, 6.35911, 2.80685, 3.12122, 4.02591, 2.81697, 2.9894, 6.69533, 8.01478, 0.332478, 1.18394, 1.69289, 1.76885, 7.37493, 8.93832, 14,14
6.10605, 5.38567, 4.29321, 4.30979, 9.12809, 6.90355, 7.19075, 3.36217, 4.1197, 4.08088, 3.40495, 3.79827, 7.68994, 7.91111, 1.11149, 1.81095, 2.19664, 0.905, 8.10966, 8.25996, 14.3333,14.3333
6.45627, 6.32234, 4.93712, 5.0749, 9.5556, 7.80756, 7.31911, 4.3539, 4.39835, 5.04127, 3.10535, 4.75234, 7.96925, 8.87131, 2.02824, 2.2104, 3.15338, 1.19593, 9.09716, 8.4176, 14.6667,14.6667
6.5238, 7.32006, 5.05958, 6.06737, 9.84516, 8.76472, 7.59435, 3.39252, 5.32181, 5.42498, 2.20787, 5.1934, 8.20129, 9.84402, 2.21397, 3.19301, 3.60155, 2.08988, 10.0964, 8.45594, 15,15
6.64619, 8.31254, 5.22462, 7.05366, 9.33902, 9.62718, 7.6157, 4.3923, 6.26447, 5.75873, 1.21138, 5.27702, 8.45616, 10.811, 2.24076, 4.19265, 3.93826, 3.03149, 10.2673, 9.44123, 15.3333,15.3333
7.59354, 8.63275, 5.88982, 7.80032, 8.58536, 10.2844, 8.61159, 4.48282, 6.48236, 6.7347, 1.90412, 5.99821, 7.47013, 10.9775, 2.87864, 4.96278, 4.25305, 3.98065, 10.6478, 10.366, 15.6667,15.6667
8.57149, 8.84161, 5.15214, 8.47547, 9.55799, 10.0521, 9.61141, 4.50192, 6.65561, 7.71958, 2.90021, 6.08654, 7.29376, 11.9618, 1.96253, 5.36371, 4.82295, 4.80236, 10.727, 11.3629, 16,16
8.74774, 9.82595, 6.14677, 8.57905, 8.56521, 10.172, 9.54212, 5.49952, 7.61273, 8.00925, 3.79569, 6.53164, 6.78185, 11.1028, 2.95924, 5.44467, 5.78902, 5.06063, 10.5849, 12.3527, 16.3333,16.3333
9.69893, 9.51733, 7.10295, 8.87182, 8.59829, 11.1715, 9.2611, 6.45922, 8.32342, 8.71276, 4.47428, 7.26615, 6.79615, 10.1029, 3.50108, 6.28516, 6.65088, 5.56779, 10.3986, 11.3702, 16.6667,16.6667
10.6961, 9.59241, 7.99235, 9.32895, 9.34572, 10.5071, 8.74239, 7.31417, 9.19077, 8.21506, 4.99911, 6.41495, 7.79257, 10.0183, 4.49938, 6.34351, 7.65074, 5.55127, 9.40776, 11.2355, 17,17
11.1341, 10.4914, 8.98225, 9.47072, 9.29425, 11.5058, 8.27075, 8.19596, 9.09114, 9.21009, 4.99278, 7.41493, 8.78849, 10.1085, 4.32983, 7.32903, 7.79113, 6.54136, 10.4071, 11.2003, 17.3333,17.3333
11.4714, 11.4328, 8.32575, 10.225, 9.6756, 12.4302, 7.38662, 8.66319, 9.78631, 9.92894, 5.35681, 8.34632, 9.6997, 10.5204, 5.29973, 7.57251, 7.98644, 7.52211, 11.3871, 11.0009, 17.6667,17.6667
12.4144, 11.7654, 8.95424, 11.0029, 8.68229, 12.5456, 7.93019, 9.50255, 10.6753, 10.3869, 6.26613, 8.7624, 9.94622, 11.4896, 5.47043, 8.55783, 8.96274, 7.73852, 11.383, 10.0009, 18,18
12.5922, 12.7495, 7.95464, 11.0311, 8.09645, 11.7352, 6.93056, 9.47543, 10.7125, 11.3862, 6.94687, 9.49492, 10.0096, 12.4875, 6.27497, 9.15174, 9.92389, 7.46251, 10.8816, 10.8661, 18.3333,18.3333
12.2962, 13.7047, 7.46365, 11.9023, 9.03692, 11.3953, 6.13045, 8.87558, 10.6649, 10.3874, 7.00528, 10.4932, 10.9071, 12.9287, 7.07673, 9.74938, 9.28419, 6.80114, 9.91839, 11.135, 18.6667,18.6667
11.7252, 14.5256, 8.3752, 12.3135, 9.37284, 12.3372, 5.61164, 9.73048, 10.5885, 9.3903, 6.06359, 10.8297, 11.6675, 13.5781, 7.23272, 10.7371, 8.86884, 7.7108, 10.4209, 11.9996, 19,19
12.7231, 14.5902, 8.44131, 11.3157, 9.82726, 13.228, 6.33357, 10.4224, 11.5876, 9.43356, 6.48523, 11.7365, 12.6193, 13.8847, 8.04643, 11.3184, 9.83321, 7.44626, 10.8087, 12.9214, 19.3333,19.3333
13.7231, 14.6007, 8.4665, 10.316, 8.82745, 13.2474, 5.84898, 11.2972, 11.8468, 8.46774, 6.78172, 12.6915, 11.7806, 14.4292, 8.1355, 12.3144, 10.0996, 8.41013, 11.0869, 13.8819, 19.6667,19.6667
13.2423, 15.4775, 8.95891, 11.1864, 8.57894, 14.216, 5.97953, 12.2886, 12.5014, 9.22374, 6.39073, 13.6119, 11.6905, 15.4252, 8.07933, 13.3129, 10.3063, 9.38852, 11.1288, 14.881, 20,20
13.3799, 16.468, 9.6287, 11.9289, 8.75961, 15.1995, 6.24264, 13.2534, 13.3974, 9.66774, 7.22388, 14.165, 11.6619, 16.4247, 8.44841, 14.2423, 10.8151, 10.2494, 12.1102, 15.0732, 20.3333,20.3333
12.4518, 16.8404, 10.1289, 12.7948, 9.57632, 15.7766, 6.23296, 14.2533, 13.3897, 10.6677, 7.33432, 13.1711, 10.8708, 16.7055, 8.5511, 13.2475, 9.81607, 10.293, 11.9213, 15.669, 20.6667,20.6667
12.599, 17.8295, 11.0797, 12.4852, 9.80604, 16.7498, 7.18406, 14.5622, 13.309, 11.6644, 8.13706, 12.5747, 10.7941, 15.7085, 9.04277, 14.1183, 10.8105, 10.3986, 11.9766, 14.6705, 21,21
13.2239, 18.6102, 12.0738, 12.3768, 10.6317, 17.3139, 8.05844, 15.0475, 14.3081, 11.6213, 8.80437, 13.3195, 9.79942, 15.8112, 9.70509, 14.8675, 11.6525, 10.9381, 11.4276, 13.8347, 21.3333,21.3333
14.122, 19.05, 12.4955, 13.2835, 11.2629, 18.0896, 8.46125, 15.9628, 14.5758, 12.5847, 9.0469, 14.2897, 10.7346, 16.1654, 9.78165, 15.8646, 12.6514, 10.9842, 12.3779, 13.5232, 21.6667,21.6667
13.1589, 19.319, 12.484, 14.2835, 11.4999, 19.0611, 8.79684, 16.9048, 14.3999, 13.5691, 9.05547, 15.2896, 10.6428, 17.1611, 10.0178, 16.8363, 13.3519, 11.6979, 11.9133, 12.6376, 22,22
12.6623, 20.187, 12.1896, 15.2392, 12.3349, 19.6114, 8.47421, 17.8513, 15.3613, 13.8442, 9.63703, 16.1031, 10.8805, 18.1325, 10.3423, 17.7822, 13.5427, 12.6795, 11.5217, 11.7175, 22.3334,22.3334
13.408, 20.8532, 11.7459, 16.1353, 12.9885, 20.3682, 8.37948, 18.8468, 15.0595, 14.7976, 9.75942, 15.1107, 10.7911, 19.1285, 11.1352, 18.3916, 14.1261, 13.4917, 12.0007, 12.5953, 22.6667,22.6667
14.2308, 21.4215, 11.7672, 17.1351, 13.5977, 21.1612, 9.37686, 18.7745, 14.2329, 14.8634, 10.1029, 16.0498, 10.4956, 20.0838, 12.1274, 18.5156, 13.3495, 14.1217, 11.8447, 13.583, 23,23
13.2309, 21.4325, 10.9743, 17.7444, 14.5858, 21.0074, 9.60296, 19.7486, 14.1317, 15.8582, 9.89331, 17.0276, 10.16, 21.0258, 13.0241, 18.9583, 13.9435, 14.9262, 11.9312, 14.5793, 23.3334,23.3334
13.6638, 22.334, 10.9372, 18.7438, 14.6475, 20.0093, 9.65222, 18.7498, 14.5125, 16.7829, 10.4892, 17.8306, 9.70485, 21.9162, 12.9194, 19.9528, 14.1749, 15.899, 12.413, 15.4556, 23.6667,23.6667
13.4498, 23.3108, 10.9657, 17.7442, 15.0336, 20.9317, 8.67842, 18.9772, 14.6293, 17.776, 10.6502, 18.8176, 9.13438, 22.7375, 12.9501, 20.9524, 13.9488, 16.8731, 12.4667, 16.4541, 24,24
14.2704, 23.8824, 11.1506, 16.7614, 15.1665, 19.9406, 8.94891, 19.9399, 15.3513, 18.4679, 10.2376, 19.7285, 10.0363, 22.3056, 13.8348, 21.4185, 14.4294, 17.7501, 12.12, 16.8834, 24.3334,24.3334
13.2847, 24.0513, 11.6887, 17.6043, 15.1647, 20.9406, 8.76866, 20.9235, 16.2326, 18.9405, 10.4247, 20.7108, 10.4043, 23.2354, 14.0017, 22.4045, 14.5586, 18.7417, 13.0749, 17.1804, 24.6667,24.6667
14.283, 24.1103, 12.6841, 17.6998, 15.2712, 21.9349, 9.76673, 20.9856, 17.0401, 19.5303, 11.4126, 20.5562, 10.4217, 22.2355, 14.4581, 23.2942, 15.5565, 18.677, 14.0749, 17.1798, 25,25
14.2482, 23.1109, 13.2591, 18.5179, 14.9369, 20.9925, 9.82406, 19.9873, 16.1593, 19.057, 12.3669, 20.8551, 11.3516, 21.8676, 15.2032, 23.9611, 16.1216, 19.502, 13.8067, 18.1432, 25.3334,25.3334
15.1375, 23.5682, 14.1095, 17.9918, 14.5633, 21.9201, 10.8093, 20.1584, 17.1451, 18.8894, 12.3981, 21.8546, 11.533, 22.851, 16.1785, 24.182, 15.3789, 20.1716, 13.5878, 19.1189, 25.6667,25.6667
14.9998, 24.5586, 14.4253, 17.0429, 14.8468, 22.879, 10.9977, 19.1764, 17.7285, 18.0772, 13.3252, 22.2294, 11.6122, 21.8542, 17.1359, 23.893, 16.3639, 20.344, 14.2252, 18.3483, 26,26
15.9744, 24.7827, 14.9628, 17.8863, 14.2405, 23.6743, 10.6269, 20.1051, 17.894, 19.0634, 13.577, 23.1972, 12.6112, 21.8996, 17.5825, 24.7877, 17.3046, 20.6833, 13.2311, 18.4574, 26.3334,26.3334
15.9816, 23.7827, 15.322, 18.8195, 14.6799, 22.776, 10.1093, 20.9607, 17.8545, 20.0627, 14.4213, 23.733, 12.8024, 22.8811, 17.3277, 25.7547, 16.3424, 20.9557, 13.7045, 19.3383, 26.6667,26.6667
15.9635, 24.7826, 16.1879, 18.3192, 15.5575, 22.2966, 10.1025, 21.9606, 18.8279, 19.8332, 15.0391, 24.5193, 12.9163, 23.8746, 17.8794, 26.5888, 17.2852, 21.2893, 14.309, 20.1349, 27,27
15.9194, 25.7816, 16.6974, 19.1797, 15.5743, 23.2965, 10.9188, 22.5383, 18.9577, 20.8247, 14.9564, 25.5159, 13.3963, 24.7519, 18.7631, 27.0568, 17.6425, 22.2232, 14.0807, 21.1085, 27.3334,27.3334
16.8804, 25.5052, 15.9351, 19.827, 16.3973, 22.7284, 11.7317, 21.9559, 19.7987, 20.2837, 14.9963, 26.5151, 14.3256, 24.3824, 19.0926, 26.1126, 18.503, 21.7136, 14.8867, 20.5166, 27.6667,27.6667
17.5306, 24.7455, 16.7964, 19.3189, 17.388, 22.8647, 12.6339, 21.5247, 20.2191, 19.3764, 15.9364, 26.1744, 14.1252, 23.4027, 19.326, 25.1402, 19.4947, 21.5852, 15.7109, 19.9503, 28,28
18.2157, 24.017, 17.2527, 18.429, 18.3318, 22.5342, 12.9793, 20.5862, 21.0238, 18.7827, 16.7636, 25.6125, 14.8505, 22.7142, 18.919, 24.2268, 20.2549, 20.9356, 16.5848, 20.4364, 28.3334,28.3334
17.4438, 23.3812, 17.5687, 19.3778, 19.0265, 21.815, 13.687, 21.2927, 20.0934, 19.1491, 17.4663, 24.901, 15.7016, 23.2392, 17.9213, 24.2933, 20.8238, 21.7581, 16.9765, 21.3565, 28.6667,28.6667
16.451, 23.5003, 18.4963, 19.7513, 19.4452, 22.7231, 14.2299, 20.4529, 20.5575, 18.2633, 18.3933, 24.5259, 15.905, 22.2601, 17.3072, 23.5041, 21.7872, 21.4902, 17.1446, 20.3707, 29,29
16.4928, 22.5012, 19.4949, 19.6969, 18.4619, 22.9052, 14.0348, 21.4337, 21.1468, 19.0713, 18.2961, 23.5306, 16.7132, 21.6711, 17.5471, 22.5333, 22.2016, 22.4003, 18.0988, 20.0715, 29.3334,29.3334
16.2009, 21.5447, 20.3649, 20.1899, 19.4297, 23.1569, 14.9429, 21.015, 22.1461, 19.1089, 19.2677, 23.767, 17.6357, 22.057, 16.6339, 22.9409, 23.1912, 22.5441, 19.0615, 19.8009, 29.6667,29.6667
17.1971, 21.4569, 21.1317, 20.8318, 20.3671, 23.5051, 14.7748, 22.0008, 22.5732, 20.0131, 20.2598, 23.8929, 18.2912, 22.8122, 17.2472, 23.7308, 24.0999, 22.1266, 20.0566, 19.9002, 30,30
16.199, 21.3947, 22.1246, 20.9504, 21.3324, 23.2439, 15.5928, 21.4256, 23.054, 20.8899, 20.9141, 24.6491, 19.2899, 22.7599, 18.2258, 23.5251, 25.072, 22.3612, 21.0566, 19.9007, 30.3334,30.3334
16.8154, 20.6073, 22.3361, 21.9277, 22.3217, 23.0976, 16.5749, 21.2369, 24.01, 20.5964, 20.3835, 23.8015, 20.2898, 22.7461, 19.2207, 23.6256, 26.0641, 22.2356, 21.9357, 19.4241, 30.6667,30.6667
16.9329, 21.6004, 23.336, 21.9139, 23.3176, 23.0072, 16.5492, 20.2373, 25.0074, 20.6682, 21.2996, 24.2024, 21.2772, 22.5878, 20.2191, 23.5698, 27.0457, 22.4263, 22.7786, 18.8861, 31,31
17.9275, 21.4965, 24.3358, 21.893, 24.2656, 23.3254, 17.5474, 20.1769, 26.0041, 20.5875, 22.2996, 24.2036, 21.1206, 23.5755, 20.2045, 22.5699, 27.6006, 21.5944, 23.7622, 19.0668, 31.3334,31.3334
18.1497, 20.5215, 25.3338, 21.9557, 25.2313, 23.0658, 18.5236, 19.9599, 26.4466, 21.4842, 22.8249, 25.0545, 22.0912, 23.816, 20.8887, 21.8406, 28.4554, 22.1134, 24.5381, 18.4359, 31.6667,31.6667
19.1497, 20.5149, 26.3023, 22.2048, 26.0869, 22.5482, 19.5154, 19.832, 27.3891, 21.1501, 23.8187, 25.166, 23.0878, 23.7329, 21.7487, 21.3303, 28.7651, 21.1625, 25.4475, 18.8518, 32,32
18.8613, 21.4724, 26.2322, 23.2024, 25.4018, 23.2767, 20.5027, 19.9905, 27.3466, 20.151, 24.1784, 26.0991, 23.3289, 24.7033, 22.2036, 22.2209, 29.343, 21.9787, 26.4392, 18.9801, 32.3334,32.3334
19.6494, 22.088, 25.2491, 23.0196, 25.5301, 24.2684, 20.3724, 20.982, 27.0484, 21.1055, 23.2892, 26.5568, 24.3114, 24.8897, 22.1805, 23.2206, 28.6108, 22.6598, 26.0136, 19.885, 32.6667,32.6667
20.6483, 22.0428, 25.0087, 22.0489, 26.4175, 23.8074, 21.3382, 20.7229, 28.0382, 21.2481, 24.2832, 26.4471, 25.3046, 24.7731, 23.175, 23.3245, 29.3821, 23.2962, 25.9003, 20.8785, 33,33
20.6413, 21.0429, 25.9868, 21.8407, 27.3528, 24.1612, 21.7197, 19.7985, 28.9587, 21.639, 25.2617, 26.6535, 26.3046, 24.7733, 23.3781, 24.3036, 30.3818, 23.2712, 25.1284, 20.2428, 33.3334,33.3334
21.2086, 21.8664, 25.7482, 20.8696, 26.8882, 23.2757, 21.9449, 20.7728, 28.06, 22.0776, 26.1783, 27.0533, 26.9421, 25.5437, 23.545, 25.2896, 30.3196, 22.2731, 24.1906, 19.8956, 33.6667,33.6667
22.1489, 22.2065, 25.6106, 21.8601, 26.1334, 23.9317, 21.343, 21.5714, 27.0604, 22.0522, 27.1756, 27.1271, 26.1598, 26.1665, 24.4418, 25.732, 29.8855, 23.174, 24.1441, 20.8945, 34,34
22.3219, 23.1915, 25.3148, 22.8153, 25.1998, 24.2899, 22.203, 22.0817, 26.8433, 21.0761, 28.1675, 27.2535, 26.5419, 27.0907, 24.9324, 26.6034, 29.698, 22.1917, 24.6955, 21.7287, 34.3334,34.3334
23.065, 23.8607, 26.2373, 23.2012, 25.8401, 25.058, 23.0833, 22.556, 27.8372, 21.1862, 28.7383, 28.0746, 27.4742, 27.4523, 25.7107, 27.2313, 29.5707, 23.1836, 25.044, 22.666, 34.6667,34.6667
22.082, 24.0447, 26.3673, 24.1927, 26.7539, 25.4641, 23.149, 21.5582, 28.3144, 22.065, 29.5078, 28.6669, 27.7782, 28.405, 25.4515, 26.2655, 30.5043, 23.542, 25.4171, 23.5938, 35,35
22.0389, 25.0437, 26.401, 25.1921, 27.1226, 26.3936, 23.1112, 22.5575, 28.5215, 23.0434, 29.5535, 29.6658, 28.1963, 29.3134, 26.4214, 26.0222, 30.7034, 22.562, 25.3563, 24.592, 35.3334,35.3334
23.0373, 25.0998, 25.4498, 25.5008, 27.1918, 27.3912, 23.2464, 21.5666, 28.991, 23.9263, 28.7161, 30.2124, 27.2388, 29.6022, 26.6565, 26.9942, 30.418, 23.5204, 24.8907, 25.477, 35.6667,35.6667
23.3979, 26.0325, 25.4347, 26.5007, 26.2357, 27.684, 23.4641, 22.5426, 28.9883, 24.9263, 27.7471, 29.965, 26.3192, 29.2094, 27.0536, 27.912, 29.4183, 23.4962, 24.8506, 26.4762, 36,36
22.4962, 26.4649, 25.4689, 27.5001, 25.3415, 28.1318, 23.3893, 23.5398, 28.1055, 24.4565, 27.0832, 30.7128, 26.9528, 29.9831, 26.0549, 27.9616, 29.3592, 22.498, 24.7905, 27.4744, 36.3334,36.3334
22.9594, 27.3512, 25.654, 28.4828, 24.6673, 28.8704, 23.3999, 24.5398, 28.1131, 23.4566, 28.0578, 30.9366, 26.9728, 30.9829, 26.5702, 28.8185, 29.1464, 23.4751, 25.6582, 27.9714, 36.6667,36.6667
23.8782, 27.7459, 24.6543, 28.5075, 25.6194, 29.1764, 22.7348, 25.2866, 28.577, 22.5707, 27.9863, 29.9392, 27.841, 31.4791, 27.1492, 29.6338, 29.2378, 24.4709, 26.6359, 28.1816, 37,37
24.8688, 27.883, 24.8454, 29.4891, 26.6146, 29.0788, 23.4298, 26.0056, 29.2106, 23.3444, 28.4512, 30.8246, 28.2327, 32.3991, 27.4717, 30.5804, 30.1339, 24.9147, 27.6354, 28.2119, 37.3333,37.3333
25.8622, 27.9976, 24.8582, 30.489, 27.5096, 29.5249, 24.2542, 26.5717, 29.3584, 24.3334, 28.7879, 31.7662, 28.7138, 33.2758, 26.5635, 30.999, 30.0618, 25.9121, 28.3109, 28.9493, 37.6667,37.6667
26.3382, 28.877, 24.5387, 30.1046, 27.3031, 30.5033, 23.2644, 26.714, 29.3981, 25.3326, 29.7578, 32.0095, 28.5165, 34.2561, 26.7495, 31.9815, 30.574, 26.771, 28.175, 29.9401, 38,38
26.9739, 29.6489, 25.3143, 30.7359, 28.289, 30.6709, 23.214, 25.7153, 29.2978, 26.3276, 29.8208, 33.0075, 29.5025, 34.0894, 25.8183, 31.617, 31.1533, 27.5861, 27.1752, 29.9621, 38.3333,38.3333
26.2012, 30.2836, 25.9567, 31.5023, 29.1157, 31.2336, 23.8745, 26.4661, 28.3821, 26.7293, 30.6531, 33.5619, 30.481, 34.2954, 25.2294, 32.4252, 31.9213, 28.2266, 27.7598, 30.7735, 38.6667,38.6667
27.1301, 29.9133, 26.677, 32.1959, 29.4386, 32.18, 24.8157, 26.8038, 29.0782, 26.0114, 31.6439, 33.6974, 30.9042, 35.2014, 25.5949, 33.356, 32.688, 28.8686, 27.885, 31.7656, 39,39
28.0504, 30.3045, 26.6764, 33.1959, 30.126, 32.9063, 25.8138, 26.8659, 29.424, 25.0731, 31.781, 34.688, 31.8949, 35.065, 26.4266, 33.9112, 32.8356, 29.8576, 28.236, 32.702, 39.3333,39.3333
29.0386, 30.1513, 27.657, 33.3923, 30.9573, 33.4621, 26.313, 27.7325, 29.8912, 25.9572, 30.7814, 34.7157, 32.3127, 35.9735, 27.4204, 34.0226, 33.0175, 30.841, 28.518, 31.7426, 39.6667,39.6667
29.7208, 30.8825, 28.2038, 32.5551, 31.7273, 34.1001, 26.2936, 28.7323, 30.219, 26.902, 30.5974, 35.6986, 31.3431, 36.2183, 27.7195, 33.0684, 33.182, 29.8546, 29.4096, 32.1955, 40,40
29.8765, 31.8703, 29.0285, 33.1206, 32.6951, 34.3519, 27.102, 29.3209, 30.2895, 27.8995, 31.0416, 34.8026, 32.0288, 35.4903, 27.7658, 32.0695, 33.4996, 30.8028, 29.4153, 33.1955, 40.3333,40.3333
30.4916, 32.6587, 29.5104, 32.2444, 33.6898, 34.2492, 28.0593, 29.6101, 30.3534, 28.8974, 31.9136, 34.3133, 33.0285, 35.5118, 27.9231, 31.0819, 32.5569, 31.1362, 28.4855, 33.5636, 40.6667,40.6667
31.4476, 32.952, 29.9783, 33.1282, 33.9792, 33.292, 29.0575, 29.5496, 31.2539, 29.3322, 32.9093, 34.4062, 34.0123, 35.6911, 27.486, 30.1825, 32.6745, 32.1293, 28.6527, 34.5495, 41,41
32.1203, 32.2121, 30.0348, 32.1298, 32.9792, 33.2952, 30.055, 29.6192, 31.4129, 30.3195, 32.5695, 33.4657, 34.5866, 34.8724, 28.4333, 29.862, 32.6796, 31.1293, 29.6485, 34.4576, 41.3333,41.3333
32.2554, 33.203, 29.0402, 32.234, 33.874, 33.7416, 30.9494, 29.1718, 32.351, 30.6658, 33.5109, 33.803, 35.2519, 35.619, 28.6431, 30.8398, 32.9959, 32.0779, 30.6124, 34.7238, 41.6667,41.6667
31.3209, 33.5589, 28.7897, 33.2021, 34.3918, 32.886, 31.5423, 29.9771, 32.754, 31.581, 34.2953, 34.4232, 35.7228, 36.5012, 29.2342, 30.0331, 33.682, 32.8055, 31.5172, 35.1496, 42,42
30.4889, 34.1137, 28.2451, 34.0408, 35.0455, 33.6428, 32.4664, 29.595, 33.3768, 32.3634, 34.3354, 35.4224, 34.7607, 36.2285, 30.2342, 30.0329, 34.681, 32.8489, 32.3133, 34.5444, 42.3333,42.3333
30.8155, 35.0589, 28.1162, 35.0324, 35.8829, 34.1893, 32.8155, 30.5321, 34.2778, 31.9296, 35.153, 35.9981, 35.6005, 36.7714, 31.0074, 30.6671, 34.7104, 33.8484, 33.0358, 35.2358, 42.6667,42.6667
30.7619, 36.0575, 29.1148, 34.9802, 36.74, 34.7045, 32.4744, 31.4721, 34.6502, 31.0015, 35.3489, 35.0175, 36.5997, 36.7318, 31.5489, 31.5078, 35.7001, 33.705, 33.6699, 36.009, 43,43
30.855, 37.0531, 29.0937, 33.9804, 37.6925, 34.3999, 32.5937, 30.4793, 33.7668, 31.4702, 35.4517, 34.0228, 37.0901, 35.8603, 31.9614, 32.4187, 36.4482, 33.0414, 32.9789, 36.7319, 43.3333,43.3333
30.3618, 37.923, 29.3592, 33.0163, 38.2521, 35.2287, 32.5532, 31.4784, 33.8252, 30.4719, 35.6978, 33.9082, 37.4776, 34.9384, 32.0727, 33.4125, 36.4833, 34.0407, 33.966, 36.5719, 43.6667,43.6667
30.3694, 36.923, 28.9899, 32.087, 38.7986, 36.0662, 33.3483, 32.0849, 34.5247, 31.1865, 36.123, 33.0031, 38.4557, 34.7302, 32.6528, 34.2271, 37.253, 33.4024, 34.9059, 36.2303, 44,44
31.2274, 36.4094, 29.0601, 33.0846, 39.5115, 35.3649, 33.2533, 33.0804, 35.489, 31.4511, 36.2372, 32.0096, 38.5651, 35.7242, 33.338, 34.9554, 37.5621, 34.3534, 35.8773, 35.9929, 44.3333,44.3333
32.2269, 36.3782, 29.1531, 34.0802, 40.4845, 35.1344, 32.3647, 33.5389, 35.8124, 32.3974, 37.0788, 31.4695, 39.3316, 35.082, 33.4314, 33.9598, 38.1914, 35.1306, 36.8764, 35.952, 44.6667,44.6667
31.2695, 36.0893, 30.0867, 34.4387, 40.4965, 36.1343, 33.3554, 33.4033, 36.1888, 33.3238, 38.0675, 31.6189, 39.5804, 34.1134, 34.1199, 33.2346, 39.1897, 35.1889, 37.4678, 35.1455, 45,45
32.0991, 35.5309, 31.0866, 34.4487, 40.9267, 37.0371, 34.153, 34.0065, 36.7939, 34.12, 38.795, 32.305, 39.5951, 33.1135, 33.1328, 33.3945, 39.2616, 36.1863, 38.1733, 35.8543, 45.3333,45.3333
32.966, 35.0325, 31.9493, 34.9545, 41.4319, 37.9, 34.5171, 33.0752, 37.7212, 34.4944, 39.7862, 32.1726, 39.5984, 34.1135, 34.0936, 33.6717, 39.3152, 37.1849, 38.6388, 36.7393, 45.6666,45.6666
33.1205, 36.0205, 32.5293, 35.7691, 41.1037, 38.8446, 35.4552, 33.4215, 37.8901, 35.4801, 40.5684, 31.5496, 39.6724, 35.1108, 35.0592, 33.9315, 38.9665, 38.1221, 38.0446, 37.5437, 46,46
33.9214, 36.6192, 33.4615, 36.1311, 41.775, 39.5858, 36.0612, 34.217, 37.1508, 36.1534, 40.144, 32.4551, 38.7551, 35.5089, 35.6834, 34.7128, 39.7959, 38.6807, 37.7019, 38.4831, 46.3333,46.3333
34.5994, 37.3544, 33.4688, 35.1311, 42.2013, 40.4904, 37.0294, 33.967, 37.8652, 36.8531, 40.2162, 33.4524, 38.9681, 36.486, 36.6614, 34.9217, 39.795, 39.6807, 36.7077, 38.5908, 46.6666,46.6666
35.5067, 37.7747, 34.2969, 35.6917, 41.2685, 40.8509, 38.0225, 34.0847, 37.5384, 37.7982, 40.258, 34.4516, 39.2951, 37.431, 35.7974, 35.4252, 40.1421, 40.6185, 37.4198, 39.2928, 47,47
35.7433, 36.8031, 35.2587, 35.9653, 41.3282, 41.8491, 38.9915, 33.8376, 38.1526, 38.5873, 40.7744, 35.3079, 40.2697, 37.6548, 36.7712, 35.6525, 39.1852, 40.909, 37.6567, 40.2643, 47.3333,47.3333
36.642, 37.2416, 35.8932, 36.7382, 41.4792, 42.8377, 38.764, 34.8114, 37.8906, 39.5524, 40.6452, 36.2995, 39.9411, 38.5993, 37.638, 36.1511, 39.4195, 41.8812, 38.6539, 40.3392, 47.6666,47.6666
37.2111, 38.0639, 36.1092, 37.7146, 40.4955, 43.0173, 39.2713, 35.6732, 38.0379, 40.5415, 41.1041, 37.188, 39.7907, 39.588, 37.8194, 37.1345, 40.3986, 42.0842, 39.1984, 41.1779, 48,48
37.7603, 38.8996, 36.5087, 38.6314, 41.4843, 43.1662, 39.944, 36.4131, 39.0272, 40.6872, 41.0899, 38.1879, 38.848, 39.9217, 38.8192, 37.1516, 41.1898, 42.6958, 40.1418, 41.5095, 48.3333,48.3333
38.3395, 39.7148, 37.3994, 39.0859, 42.4521, 42.9141, 38.9465, 36.3418, 40.0146, 40.8457, 40.1679, 38.575, 39.837, 40.0701, 37.8573, 37.4248, 41.5453, 41.7611, 39.1439, 41.4453, 48.6666,48.6666
39.2177, 40.1929, 36.8914, 39.493, 43.4327, 42.7181, 38.8047, 37.3317, 40.99, 40.6253, 40.2279, 39.5732, 40.5582, 39.3773, 38.0257, 38.4105, 42.2967, 42.4209, 38.1735, 41.687, 49,49
40.0382, 40.7646, 35.9105, 39.2987, 43.6076, 43.7027, 39.6226, 37.9069, 41.9892, 40.5842, 40.683, 40.4636, 40.0933, 40.2627, 39.0202, 38.3054, 43.0423, 43.0873, 39.0808, 42.1075, 49.3333,49.3333
39.3638, 41.5029, 36.1322, 40.2738, 44.3305, 44.3936, 40.5853, 38.1777, 42.186, 41.5647, 41.5543, 40.9543, 40.1879, 39.2672, 38.0939, 38.6823, 43.6066, 43.9129, 39.9835, 42.5378, 49.6666,49.6666
39.3413, 40.5031, 36.8944, 39.6264, 43.3689, 44.6682, 41.5848, 38.2073, 43.18, 41.456, 40.5566, 40.8877, 40.6595, 38.3854, 39.0123, 39.078, 44.6059, 43.9501, 40.8645, 42.0648, 50,50
40.3076, 40.2455, 37.4034, 40.4872, 44.2823, 44.2611, 42.3285, 37.5388, 43.9202, 40.7835, 40.2013, 41.8225, 41.5761, 38.7853, 39.9986, 38.913, 44.7344, 42.9584, 41.7722, 42.4844, 50.3333,50.3333
41.2847, 40.0327, 38.403, 40.5161, 45.166, 43.793, 42.8131, 38.4135, 44.6987, 41.4111, 41.2, 41.874, 42.3055, 38.1013, 39.8595, 39.9033, 45.7324, 43.0209, 42.7623, 42.6248, 50.6666,50.6666
42.1544, 40.5262, 38.629, 39.542, 46.0321, 44.2928, 43.8128, 38.39, 44.5536, 40.4217, 42.2, 41.8771, 43.1575, 37.5777, 39.6556, 38.9243, 45.9039, 44.0061, 43.7345, 42.859, 51,51
41.3189, 41.0756, 38.22, 40.4545, 46.935, 44.7225, 44.5671, 39.0466, 43.6268, 40.0461, 43.1919, 41.7504, 42.1627, 37.476, 40.6505, 39.0252, 44.9345, 43.7606, 44.7248, 42.9978, 51.3333,51.3333
40.446, 41.5636, 38.0919, 41.4463, 46.0464, 45.1812, 44.4441, 40.039, 43.6247, 41.0461, 43.3332, 42.7404, 41.2121, 37.1655, 41.1953, 39.8637, 45.8528, 44.1564, 45.0904, 43.9285, 51.6666,51.6666
40.8726, 42.468, 37.9333, 42.4336, 47.0456, 45.223, 44.2771, 41.0249, 43.6748, 42.0448, 43.1622, 43.7257, 42.1784, 37.4228, 42.1858, 39.7263, 45.778, 45.1536, 44.9329, 44.9161, 52,52
40.7885, 43.4645, 38.9163, 42.6171, 47.0856, 46.2222, 44.4347, 42.0124, 43.6654, 43.0448, 43.5268, 44.6568, 41.1824, 37.5121, 42.5798, 40.6454, 45.6751, 46.1483, 45.3565, 45.8219, 52.3333,52.3333
41.755, 43.7212, 38.2105, 43.3256, 46.9097, 47.2066, 44.5135, 42.961, 44.5664, 43.4785, 43.1709, 45.5913, 41.9855, 38.1079, 42.8907, 41.5959, 46.2068, 46.9951, 45.7737, 46.7307, 52.6666,52.6666
41.6336, 44.7138, 39.1554, 43.6532, 47.1185, 48.1845, 43.5378, 43.1803, 45.5252, 43.1946, 42.1721, 45.5438, 42.149, 39.0945, 43.8721, 41.4038, 46.7387, 47.842, 46.706, 47.0924, 53,53
41.1555, 45.5921, 38.8501, 44.6055, 48.0742, 48.4789, 43.4656, 42.1829, 46.1914, 43.9404, 43.0777, 45.1196, 43.0899, 39.4331, 44.602, 42.0873, 47.7387, 47.8409, 47.6873, 47.2851, 53.3333,53.3333
42.0141, 46.1048, 39.8364, 44.7706, 49.0221, 48.7976, 43.9878, 43.0357, 46.6603, 43.0572, 42.0791, 45.173, 43.3667, 40.394, 45.544, 42.4228, 48.7328, 47.9492, 48.6459, 47.5696, 53.6666,53.6666
42.8039, 46.7182, 40.8258, 44.916, 49.9953, 49.0275, 44.2951, 42.0841, 47.4985, 43.6025, 42.9607, 45.6449, 43.7137, 41.3318, 46.3903, 42.9556, 49.728, 48.0469, 49.621, 47.7916, 54,54
43.532, 47.4036, 41.801, 45.1374, 50.9913, 49.1168, 44.5683, 43.0461, 47.4167, 44.449, 43.5142, 46.4778, 44.6596, 41.6565, 47.2828, 42.5047, 50.6407, 48.4554, 49.8665, 48.761, 54.3333,54.3333
44.5257, 47.2924, 42.716, 44.734, 50.6237, 48.1868, 45.5579, 42.9023, 48.1165, 43.7346, 44.3476, 45.9251, 45.6493, 41.7992, 47.4988, 41.5283, 51.6249, 48.2782, 49.7995, 47.7632, 54.6666,54.6666
45.4432, 46.8944, 43.6834, 44.9872, 50.6086, 47.1869, 46.1366, 43.7178, 48.1071, 44.7346, 43.6907, 45.1712, 46.3217, 42.5395, 48.1047, 42.3238, 51.3643, 49.2437, 49.8785, 48.7601, 54.9999,54.9999
46.2431, 46.2944, 42.6838, 45.0157, 51.5941, 47.3568, 45.6789, 44.6069, 49.107, 44.7425, 44.453, 45.8184, 47.2782, 42.8311, 48.4619, 43.2578, 50.3993, 48.9817, 50.1087, 47.7869, 55.3333,55.3333
47.2357, 46.4163, 43.6286, 45.3433, 51.4759, 48.3497, 45.5102, 43.6213, 49.6234, 43.8861, 44.9584, 46.6813, 48.2713, 42.9482, 49.0983, 44.0292, 51.3963, 49.0583, 51.0878, 47.5833, 55.6666,55.6666
47.8438, 45.6225, 44.1365, 46.2048, 52.4738, 48.4147, 46.4367, 43.9976, 49.8604, 42.9146, 45.8969, 47.0265, 48.5824, 43.8986, 49.0507, 45.028, 52.2506, 49.578, 51.6828, 48.387, 55.9999,55.9999
48.7013, 45.108, 45.1318, 46.1081, 52.6071, 49.4058, 46.9934, 44.8283, 50.7637, 43.3437, 46.8055, 47.4442, 48.0047, 44.7149, 49.7911, 45.7003, 52.1723, 50.5749, 51.5653, 49.3801, 56.3333,56.3333
49.5005, 45.7091, 45.842, 46.8121, 52.7056, 50.4009, 47.7461, 45.4867, 50.3738, 44.2645, 46.678, 48.4361, 48.6986, 45.4349, 49.8646, 44.703, 52.1783, 51.5749, 51.5143, 50.3788, 56.6666,56.6666
49.5073, 46.7091, 46.0312, 47.794, 52.7219, 51.4008, 47.6651, 46.4834, 51.1776, 43.6697, 47.6135, 48.7894, 48.3689, 46.379, 50.4531, 43.8946, 52.0687, 52.5689, 52.3477, 50.9315, 56.9999,56.9999
49.9673, 47.597, 46.7154, 48.5233, 53.6341, 51.8105, 48.5795, 46.8881, 51.9292, 44.3294, 48.273, 49.5411, 49.3608, 46.2514, 51.3472, 44.3425, 53.0135, 52.2411, 53.3355, 51.0871, 57.3333,57.3333
49.469, 48.464, 46.5002, 49.4999, 53.714, 50.8137, 47.8922, 47.6144, 51.9109, 43.3296, 48.1498, 50.5335, 48.4009, 46.532, 50.377, 44.1003, 52.05, 51.9734, 52.8313, 51.9506, 57.6666,57.6666
50.121, 49.2222, 47.4958, 49.593, 54.1516, 51.7129, 48.7874, 48.06, 50.92, 43.4643, 47.1499, 50.5449, 49.376, 46.7538, 51.3694, 43.9775, 52.0426, 52.9734, 53.074, 52.9208, 57.9999,57.9999
49.7039, 48.3133, 48.4201, 49.2112, 53.729, 50.8065, 49.2813, 47.1904, 50.4698, 44.3572, 47.3554, 49.5663, 50.2755, 47.1908, 50.537, 43.4233, 51.5853, 53.8628, 52.0863, 52.764, 58.3333,58.3333
50.568, 47.81, 48.0479, 48.2831, 54.6968, 51.0583, 49.2815, 46.1904, 49.5617, 44.776, 48.3553, 49.5502, 49.9752, 48.1446, 49.7143, 43.9918, 52.0717, 52.989, 53.0836, 52.69, 58.6666,58.6666
51.3425, 47.1775, 47.9685, 49.2799, 53.8345, 51.5647, 48.941, 47.1307, 49.2514, 45.7267, 47.3751, 49.7481, 50.347, 49.0729, 49.4766, 44.9632, 52.5227, 53.8815, 53.0587, 53.6897, 58.9999,58.9999
51.5497, 48.1558, 48.9183, 49.5925, 54.7805, 51.8889, 49.8805, 47.4732, 49.8836, 46.5015, 48.3338, 50.0324, 51.3213, 49.2982, 49.2365, 45.9339, 53.0317, 54.7423, 54.0584, 53.6657, 59.3333,59.3333
52.5409, 48.0238, 49.9179, 49.562, 55.774, 52.003, 48.8805, 47.4682, 49.07, 47.083, 48.8313, 50.8998, 52.2886, 49.0446, 50.2362, 45.9097, 53.9446, 55.1504, 55.0583, 53.6802, 59.6666,59.6666
53.3318, 48.6358, 50.8605, 49.8959, 56.7153, 52.3407, 49.8438, 47.7368, 49.8391, 46.4439, 49.7596, 51.2716, 52.9084, 49.8293, 51.209, 46.1412, 54.7682, 54.5832, 56.042, 53.5005, 59.9999,59.9999
53.8979, 49.4601, 50.93, 50.8935, 57.5565, 52.8813, 50.8426, 47.7856, 50.8387, 46.4703, 49.6461, 52.2651, 53.8399, 50.1931, 52.0356, 46.7041, 55.1438, 53.6564, 56.5142, 52.619, 60.3333,60.3333
54.8955, 49.5289, 51.9287, 50.9448, 57.89, 53.8241, 51.8416, 47.8302, 50.5826, 47.4369, 50.6375, 52.134, 54.5263, 50.9203, 52.9903, 46.4065, 55.9228, 53.0294, 57.5008, 52.4553, 60.6666,60.6666
55.6887, 48.92, 52.4092, 51.8217, 58.8591, 54.071, 51.2679, 48.6493, 49.7599, 48.0054, 51.2281, 51.327, 55.2342, 50.214, 52.9628, 47.4062, 56.9168, 53.1386, 57.6483, 53.4444, 60.9999,60.9999
56.5309, 49.4592, 53.1905, 52.446, 59.314, 54.9615, 52.2678, 48.6617, 49.1649, 48.8091, 52.1883, 51.0476, 56.2282, 50.1049, 53.3645, 48.3219, 57.8285, 52.7279, 56.7939, 53.964, 61.3333,61.3333
57.4642, 49.8183, 52.7738, 51.5369, 59.1112, 55.9408, 53.2245, 48.9526, 49.4355, 47.8464, 53.1773, 50.9002, 56.631, 51.0202, 54.3183, 48.6222, 58.8005, 52.9629, 57.7392, 54.2901, 61.6666,61.6666
58.0466, 50.3657, 53.7266, 51.8405, 59.6803, 55.1185, 54.1818, 49.2417, 49.612, 48.8307, 53.1574, 49.9004, 57.6128, 50.8307, 55.2793, 48.8989, 59.761, 53.2414, 58.7391, 54.2987, 61.9999,61.9999
58.9713, 50.7464, 54.602, 52.3239, 58.6906, 54.9751, 53.7381, 50.1379, 50.553, 48.4924, 52.9201, 50.8718, 57.6076, 49.8307, 56.2748, 48.9939, 60.7129, 52.935, 59.738, 54.2508, 62.3333,62.3333
59.5877, 49.959, 55.5996, 52.2545, 58.3517, 54.0343, 54.6085, 50.6302, 51.5363, 48.6743, 53.7004, 51.4972, 56.6078, 49.8468, 56.998, 49.6844, 61.6289, 52.5338, 60.5731, 54.8009, 62.6666,62.6666
59.5296, 50.9573, 56.5984, 52.2057, 59.3169, 53.7725, 55.6049, 50.715, 52.2748, 49.3485, 54.6711, 51.7373, 57.6053, 49.917, 57.9667, 49.4362, 62.1669, 53.3767, 61.5454, 54.5673, 62.9999,62.9999
60.0245, 51.8262, 57.3973, 52.8072, 59.0345, 54.7318, 56.6037, 50.6668, 53.247, 49.114, 54.1624, 50.8764, 58.419, 50.4983, 57.4381, 50.2851, 61.6306, 54.2207, 60.5576, 54.4117, 63.3332,63.3332
59.494, 50.9785, 56.4288, 53.0562, 58.9406, 55.7274, 57.5099, 51.0898, 53.229, 50.1138, 54.7429, 50.0622, 58.4339, 51.4982, 56.8297, 51.0787, 60.9752, 53.4654, 59.669, 54.8703, 63.6666,63.6666
59.1512, 50.0392, 55.6916, 53.7319, 57.9426, 55.7916, 57.5274, 52.0896, 53.5616, 51.0569, 54.8059, 51.0602, 58.3494, 52.4946, 56.7702, 52.077, 61.0696, 52.4699, 60.4483, 55.4969, 63.9999,63.9999
58.5034, 50.801, 55.1939, 54.5993, 57.5245, 56.7, 58.4991, 52.3261, 53.5629, 50.0569, 54.9997, 52.0412, 58.1193, 53.4678, 56.5754, 53.0578, 60.2479, 53.0398, 61.1419, 56.2173, 64.3332,64.3332
59.5019, 50.8573, 56.0672, 55.0865, 57.125, 57.6167, 58.4016, 53.3214, 54.1887, 49.2769, 54.9982, 51.0412, 57.8145, 54.4202, 56.5757, 54.0578, 59.3627, 53.5049, 61.1815, 57.2165, 64.6666,64.6666
60.0747, 51.677, 56.5167, 55.9798, 57.1632, 58.616, 57.4352, 53.0643, 53.4381, 49.9377, 54.5092, 50.1689, 58.018, 55.3993, 57.4825, 54.4792, 58.8681, 54.3741, 60.3909, 57.8289, 64.9999,64.9999
59.156, 52.0719, 55.8642, 56.7376, 56.1883, 58.8387, 56.4355, 53.0404, 53.3528, 50.9341, 54.4949, 51.1688, 57.9275, 56.3951, 57.3011, 55.4626, 58.1756, 55.0954, 60.2159, 58.8135, 65.3333,65.3333
58.8361, 53.0193, 54.873, 56.87, 56.0379, 59.8273, 56.3514, 54.0369, 53.1221, 51.9071, 53.7988, 51.8867, 57.0371, 55.94, 57.7651, 54.5768, 57.2396, 55.4475, 59.2301, 58.9812, 65.6666,65.6666
58.7379, 54.0145, 54.0749, 57.4726, 56.6461, 60.6211, 56.2374, 55.0304, 53.0833, 52.9063, 53.1908, 51.0927, 57.3059, 56.9032, 58.1393, 55.5041, 56.4504, 54.8334, 60.077, 59.5129, 65.9999,65.9999
58.4556, 54.0554, 54.5975, 58.3252, 57.4711, 61.1862, 55.3079, 55.3992, 52.6359, 53.8007, 52.6761, 50.2353, 56.4655, 57.4451, 58.0484, 56.5, 55.4602, 54.9728, 59.1621, 59.9164, 66.3333,66.3333
58.3374, 55.0484, 54.7306, 57.3341, 56.5962, 61.6705, 54.6617, 56.1624, 51.6726, 54.0689, 52.7381, 51.2334, 55.8506, 58.2338, 57.8981, 57.4886, 55.3144, 53.9834, 58.8422, 60.8639, 66.6666,66.6666
58.6566, 55.996, 55.7201, 57.4784, 57.5961, 61.6866, 55.4103, 56.8255, 52.1111, 54.9676, 53.1981, 52.1213, 56.8481, 58.3057, 57.9172, 58.4884, 54.419, 53.5381, 59.8264, 61.0411, 66.9999,66.9999
59.6522, 55.9014, 56.6979, 57.688, 58.5679, 61.4509, 55.8383, 57.7293, 53.0987, 54.8101, 53.6189, 53.0285, 57.826, 58.5145, 58.2604, 57.5492, 55.2377, 54.1123, 60.8183, 60.9143, 67.3333,67.3333
59.4637, 56.8835, 56.802, 56.6935, 59.4574, 61.908, 56.0508, 58.7064, 52.7092, 55.7312, 53.6855, 54.0263, 56.8349, 58.6475, 57.6912, 58.3714, 55.5587, 55.0594, 59.962, 61.4308, 67.6666,67.6666
60.4608, 56.9587, 55.8208, 56.8864, 59.3495, 62.9021, 56.3657, 59.6555, 52.7363, 56.7308, 53.4427, 54.9963, 57.5349, 59.3616, 58.663, 58.6071, 55.3756, 56.0425, 60.0856, 62.4231, 67.9999,67.9999
60.392, 57.9563, 56.5914, 57.5237, 59.5719, 63.8771, 57.0052, 60.4243, 53.7138, 56.942, 53.6701, 54.0225, 58.0767, 60.2021, 58.7162, 57.6085, 56.0524, 56.7787, 60.2822, 63.4036, 68.3333,68.3333
61.1548, 58.6029, 57.5491, 57.2359, 59.4938, 64.874, 56.8497, 61.4121, 54.7132, 56.9084, 54.0963, 54.9271, 58.4104, 61.1448, 57.88, 58.157, 56.0273, 57.7784, 59.8688, 64.3142, 68.6666,68.6666
61.0555, 59.598, 57.5699, 58.2357, 59.1592, 65.8164, 57.1742, 62.358, 55.6737, 56.6301, 55.081, 55.1015, 58.6801, 62.1077, 58.3707, 59.0283, 56.6461, 58.5639, 60.3746, 65.1768, 68.9999,68.9999
60.3777, 60.3332, 57.6003, 59.2352, 59.9281, 66.4557, 56.8458, 63.3025, 55.5529, 57.6228, 54.8127, 56.0648, 59.202, 62.5106, 58.2502, 60.021, 56.5276, 59.5568, 59.3747, 65.1844, 69.3333,69.3333
60.6057, 61.3068, 58.5984, 59.1728, 60.9096, 66.6471, 57.4261, 64.1169, 55.8203, 58.5864, 54.7665, 57.0637, 59.0514, 63.4992, 57.8996, 60.9576, 56.751, 60.5316, 59.9638, 65.9925, 69.6666,69.6666
60.3349, 62.2695, 59.5163, 59.5695, 61.905, 66.7429, 58.2429, 64.6938, 56.3454, 59.4375, 54.4896, 58.0247, 58.4269, 64.2802, 57.763, 61.9482, 57.1323, 61.456, 60.6519, 66.7181, 70,70
60.0767, 63.2356, 59.4316, 60.5659, 61.9392, 67.7423, 59.1443, 65.1268, 56.8367, 60.3084, 55.1222, 58.7992, 59.3792, 63.9753, 58.4504, 62.6745, 57.5698, 62.3552, 61.651, 66.7619, 70.3333,70.3333
60.7829, 63.9436, 60.4304, 60.6142, 62.8362, 67.3004, 58.7476, 66.0448, 57.3122, 61.1881, 54.6317, 59.6706, 59.5078, 64.967, 58.2874, 61.6878, 57.727, 63.3428, 62.6106, 67.0433, 70.6666,70.6666
61.7417, 64.2275, 60.5151, 61.6106, 63.7158, 67.7762, 59.5852, 65.4986, 57.9489, 61.9592, 54.2854, 60.6087, 58.8246, 65.6972, 58.1798, 62.682, 57.3891, 64.284, 63.5796, 67.2902, 71,71
61.8463, 63.233, 61.503, 61.7659, 64.6558, 68.1174, 60.3351, 64.837, 58.5916, 62.7254, 55.1176, 60.0543, 59.8041, 65.8987, 58.3085, 61.6904, 58.3493, 64.5634, 64.4266, 67.8218, 71.3333,71.3333
62.7864, 63.5738, 62.2496, 62.4311, 65.5269, 68.6085, 60.8409, 65.6996, 59.487, 63.1706, 56.1058, 59.9014, 60.6164, 66.4819, 57.31, 61.7448, 59.1918, 65.1021, 65.1995, 68.4563, 71.6666,71.6666
62.8834, 62.5786, 62.3441, 61.4356, 65.8955, 69.5381, 61.7084, 65.2021, 59.6834, 64.1512, 57.1048, 59.9473, 61.5367, 66.0907, 58.3066, 61.6624, 59.1505, 64.1029, 64.8705, 67.512, 72,72
63.7752, 63.031, 63.0698, 60.7476, 65.1646, 69.7733, 62.2009, 66.0724, 60.1241, 65.0488, 56.9854, 60.9402, 61.575, 67.09, 59.0725, 62.3053, 60.108, 64.3914, 64.1907, 68.2454, 72.3333,72.3333
63.1998, 63.8489, 62.0851, 60.9219, 65.2814, 68.7802, 63.1976, 66.1533, 61.1239, 65.0674, 57.0761, 61.9361, 61.899, 68.0361, 59.8023, 62.989, 61.0967, 64.5411, 64.526, 69.1875, 72.6666,72.6666
64.1991, 63.8875, 62.4159, 61.8657, 66.2002, 68.3854, 63.2342, 67.1526, 62.1168, 65.1858, 57.1127, 62.9354, 60.9244, 67.8124, 59.6251, 63.9732, 61.6613, 65.3665, 65.3873, 69.6956, 73,73
64.1446, 62.889, 63.4117, 61.7746, 65.2222, 68.1767, 62.236, 67.0929, 61.2041, 64.7772, 57.6015, 63.8078, 60.2056, 67.1172, 58.6384, 63.8105, 61.3588, 66.3196, 65.5107, 68.7032, 73.3333,73.3333
64.1668, 63.8887, 63.8226, 62.6863, 64.2253, 68.2558, 62.5132, 66.1321, 61.6725, 65.6607, 57.6719, 62.8102, 61.2053, 67.1419, 59.4825, 63.2742, 61.7253, 67.25, 66.4093, 69.1419, 73.6666,73.6666
63.4047, 64.5361, 63.6794, 61.6966, 65.2004, 68.0339, 62.5798, 65.1343, 60.8105, 66.1676, 58.2303, 63.6398, 61.9635, 66.49, 58.6852, 62.6705, 61.8183, 68.2457, 65.4229, 69.3062, 74,74
64.3701, 64.7968, 63.5279, 62.6851, 64.3715, 67.4745, 61.6249, 65.431, 59.8105, 66.1695, 58.2401, 64.6398, 62.9339, 66.7316, 58.926, 61.7, 62.6166, 68.848, 66.1344, 70.0089, 74.3333,74.3333
63.3701, 64.802, 63.9901, 63.5719, 65.2055, 68.0262, 61.222, 66.3463, 60.7804, 66.4131, 59.1628, 65.0253, 62.9315, 67.7316, 59.5285, 62.498, 61.9664, 69.6078, 66.6504, 70.8655, 74.6667,74.6667
64.2589, 64.3436, 64.2851, 64.5274, 65.6027, 68.9439, 61.8265, 65.5496, 60.6556, 67.4053, 59.5109, 65.9627, 63.5953, 68.4795, 60.4643, 62.8508, 62.9622, 69.6993, 67.1444, 71.7349, 75,75
63.2918, 64.0892, 65.2368, 64.8343, 66.5777, 69.1662, 62.1453, 66.4975, 61.6524, 67.3261, 58.5226, 65.8105, 64.5945, 68.4403, 60.956, 63.7215, 63.4708, 69.7358, 67.916, 71.0988, 75.3333,75.3333
62.9655, 65.0344, 65.4409, 63.8553, 67.5269, 69.481, 63.1396, 66.6042, 60.9954, 66.5722, 59.522, 65.8449, 65.4704, 67.9577, 60.089, 63.2233, 64.4161, 70.0619, 67.9513, 70.0994, 75.6667,75.6667
63.7779, 64.4513, 64.4425, 63.9126, 67.0836, 68.5846, 63.2666, 67.5961, 61.2526, 67.5385, 59.4215, 66.8399, 65.5612, 68.9536, 59.7685, 64.1705, 63.6842, 69.3805, 68.3917, 70.9973, 76,76
64.4412, 65.1997, 65.4425, 63.9214, 67.6669, 69.3968, 63.6029, 68.5378, 62.251, 67.4817, 60.3221, 67.2744, 66.5608, 68.9255, 60.7626, 64.2792, 63.9169, 68.4079, 68.9591, 71.8207, 76.3333,76.3333
65.05, 65.9929, 65.7833, 64.8616, 68.0279, 70.3294, 63.0139, 69.3459, 63.1807, 67.85, 61.1337, 67.8587, 67.4926, 68.5626, 61.7415, 64.4833, 64.5642, 67.6457, 69.436, 70.9417, 76.6667,76.6667
65.6852, 66.7653, 66.3129, 65.7098, 68.4323, 71.244, 63.4281, 70.2561, 63.2318, 66.8513, 61.7359, 68.657, 67.882, 67.6415, 62.7413, 64.5048, 64.6168, 68.6443, 69.3858, 69.943, 77,77
65.4989, 65.7828, 66.3097, 64.7099, 68.7402, 72.1954, 64.3344, 70.6788, 64.139, 66.4306, 61.6528, 69.6535, 68.1711, 66.6842, 63.7344, 64.6216, 65.5907, 68.8711, 69.1056, 70.9029, 77.3333,77.3333
64.9384, 66.6109, 66.4206, 65.7037, 69.0174, 73.1562, 65.2196, 70.2137, 63.9767, 65.4438, 60.6587, 69.5452, 68.1864, 67.6841, 63.3802, 65.5567, 66.422, 69.427, 69.9304, 71.4684, 77.6667,77.6667
65.6497, 67.3138, 65.4209, 65.726, 69.7987, 73.7804, 64.4382, 70.8377, 64.9676, 65.5783, 60.4647, 70.5262, 68.3249, 68.6745, 63.3189, 64.5586, 67.3387, 69.8266, 70.8597, 71.8376, 78,78
66.3599, 68.0178, 65.6314, 66.7036, 70.5104, 74.4829, 63.9359, 71.7024, 65.6043, 64.8071, 59.9445, 71.3803, 68.8601, 67.8297, 64.1114, 65.1684, 66.9963, 70.7662, 71.1221, 72.8026, 78.3334,78.3334
66.512, 69.0061, 66.6067, 66.9242, 71.5045, 74.3747, 64.8844, 72.0191, 64.6308, 64.6253, 60.9441, 71.408, 69.3734, 68.6879, 65.01, 65.6072, 67.9658, 71.0112, 70.8461, 73.7637, 78.6667,78.6667
67.2559, 69.6745, 67.5855, 67.1293, 72.4552, 74.6847, 65.8651, 72.2146, 64.0376, 65.4303, 60.5241, 70.5005, 69.4671, 69.6835, 66.0085, 65.6614, 68.7268, 71.6598, 70.9602, 74.7572, 79,79
67.2318, 68.6748, 68.132, 67.9668, 72.3815, 73.6874, 66.6007, 72.892, 64.0452, 66.4303, 61.5239, 70.4837, 69.429, 70.6828, 66.0291, 66.6612, 69.2868, 72.4883, 71.3055, 75.6957, 79.3334,79.3334
67.9538, 69.3667, 68.7384, 68.7619, 73.1768, 74.2937, 67.5874, 73.0547, 64.7953, 67.0916, 62.4979, 70.257, 70.1337, 71.3924, 66.866, 67.2086, 69.9802, 73.2089, 72.3029, 75.7681, 79.6667,79.6667
68.8457, 68.9146, 69.7086, 68.5194, 73.9582, 74.9178, 67.1229, 72.1691, 65.2449, 67.9848, 62.4088, 71.253, 71.0583, 71.7731, 66.3241, 68.0491, 70.9311, 72.8994, 73.2525, 75.4547, 80,80
68.9939, 69.9035, 68.8294, 68.9959, 74.0359, 73.9208, 67.3808, 71.203, 65.8528, 67.1908, 63.068, 72.0049, 71.9376, 71.2968, 65.3244, 68.0773, 71.4169, 73.7735, 72.6662, 74.6446, 80.3334,80.3334
69.8982, 70.3304, 69.2131, 69.9194, 73.8744, 74.9077, 66.8872, 70.3333, 65.56, 68.1469, 64.0496, 72.196, 71.5485, 72.218, 65.9368, 67.2867, 70.5016, 73.3707, 72.598, 73.6469, 80.6667,80.6667
69.8907, 69.3305, 70.163, 70.232, 74.3797, 75.0075, 67.5605, 71.0726, 65.4269, 69.138, 64.3454, 71.2407, 70.6189, 72.5865, 66.9362, 67.2533, 69.9208, 72.5567, 72.7115, 72.8646, 81,81
68.9102, 69.5269, 71.1575, 70.3368, 75.0665, 75.7344, 68.5491, 71.2234, 66.4263, 69.1045, 64.8104, 72.126, 70.5948, 73.5862, 67.6121, 66.5163, 70.8449, 72.9387, 73.2498, 72.0218, 81.3334,81.3334
69.8328, 69.1412, 71.9237, 70.9793, 75.7029, 76.5057, 69.4853, 71.5749, 66.3575, 68.1069, 65.5983, 72.7419, 71.5706, 73.8047, 68.2107, 67.3174, 70.7274, 73.9318, 73.7609, 72.8813, 81.6667,81.6667
70.6342, 69.7392, 72.2373, 71.9289, 76.3601, 77.2595, 70.3768, 71.122, 67.036, 68.8415, 65.771, 71.757, 72.4639, 73.3552, 67.25, 67.0395, 71.6592, 74.2947, 74.7261, 73.1428, 82,82
71.634, 69.7205, 72.5725, 72.871, 76.0677, 76.3032, 70.0761, 70.1683, 67.7471, 68.1384, 65.7699, 70.757, 71.477, 73.5167, 68.0232, 67.6737, 72.6587, 74.262, 75.7227, 73.0613, 82.3334,82.3334
72.4421, 70.3096, 73.5699, 72.7985, 77.0455, 76.5128, 70.2583, 69.185, 67.7672, 69.1382, 66.1575, 71.6788, 71.6825, 74.4953, 68.4385, 68.5834, 73.6521, 74.377, 75.9617, 74.0324, 82.6667,82.6667
72.9693, 71.1593, 72.5979, 72.5633, 77.1549, 75.5188, 70.1181, 70.1752, 68.6766, 69.5541, 65.5739, 72.4908, 71.3177, 75.4264, 68.2638, 69.568, 74.578, 74.7549, 76.3433, 73.1081, 83.0001,83.0001
73.8371, 71.6563, 72.9062, 73.5146, 77.334, 76.5027, 69.1301, 70.3296, 69.0842, 68.6409, 64.7445, 73.0495, 72.246, 75.0545, 69.1186, 70.0871, 75.5659, 74.6002, 76.4309, 74.1042, 83.3334,83.3334
74.0627, 72.6305, 72.9321, 74.5143, 77.8296, 77.3712, 70.1203, 70.4694, 68.1394, 68.9687, 64.8553, 74.0433, 72.2813, 76.0538, 69.0585, 69.0889, 75.4618, 75.5947, 76.5654, 75.0952, 83.6667,83.6667
74.4829, 71.7231, 72.4131, 75.1831, 78.405, 78.1891, 71.112, 70.5979, 69.1384, 68.9225, 65.8447, 73.8979, 71.8516, 76.9568, 69.0025, 70.0873, 76.2048, 76.264, 76.8289, 74.1305, 84.0001,84.0001
74.9578, 72.6031, 73.3087, 74.7383, 77.5524, 77.6664, 71.0156, 71.5932, 69.8936, 69.5779, 65.0432, 73.3, 70.859, 76.8354, 68.7979, 71.0662, 75.3462, 75.7513, 76.0958, 73.4504, 84.3334,84.3334
75.9373, 72.8042, 74.1044, 74.1325, 78.0867, 78.5118, 71.8686, 72.1152, 70.169, 70.5393, 66.0431, 73.2844, 71.8461, 76.9957, 69.5473, 71.7283, 74.7577, 74.9428, 76.8442, 74.1136, 84.6667,84.6667
76.1607, 73.7789, 74.1504, 75.1315, 78.7898, 79.2228, 72.8062, 72.4628, 71.1563, 70.6983, 67.0358, 73.4049, 71.3423, 77.8595, 70.5472, 71.7415, 75.7281, 74.701, 77.2106, 75.044, 85.0001,85.0001
76.3052, 74.7684, 74.5139, 76.0631, 79.4089, 80.0081, 73.8014, 72.5605, 70.4812, 71.4361, 67.9861, 73.7162, 72.3059, 78.1268, 71.1934, 72.5046, 76.7173, 74.5547, 77.4895, 76.0044, 85.3334,85.3334
76.8897, 75.5799, 74.7589, 77.0326, 80.1696, 80.6572, 74.1189, 73.5087, 71.471, 71.2939, 68.7538, 74.3569, 73.2539, 78.445, 71.7873, 73.3092, 76.3151, 75.4703, 77.9097, 76.9118, 85.6667,85.6667
76.7348, 76.5678, 75.3297, 77.8538, 79.355, 80.0772, 75.0422, 73.1246, 72.4475, 71.5096, 69.7533, 74.3882, 72.6188, 77.6725, 70.9783, 73.897, 75.452, 75.9753, 77.9371, 77.9114, 86.0001,86.0001
77.3973, 77.3169, 74.7252, 77.0571, 79.8636, 80.9382, 75.9599, 73.5219, 73.1563, 72.2149, 70.2844, 75.2356, 73.1168, 78.5398, 71.9686, 74.036, 76.4478, 75.8839, 78.7411, 78.506, 86.3334,86.3334
78.2906, 77.7664, 75.5221, 76.453, 80.2109, 80.0005, 76.2437, 74.4808, 74.1223, 72.4736, 70.392, 76.2298, 73.2003, 79.5363, 72.9662, 73.9666, 77.3805, 75.5233, 79.459, 79.2022, 86.6667,86.6667
79.2504, 77.4856, 76.0093, 77.3264, 80.7768, 80.8249, 76.5132, 75.4438, 74.6635, 73.3145, 69.7581, 77.0032, 73.6921, 80.407, 73.9644, 74.0258, 77.4395, 76.5216, 80.4505, 79.3324, 87.0001,87.0001
79.3655, 78.4789, 76.9008, 77.7794, 81.7638, 80.9859, 77.5086, 75.3475, 75.6587, 73.217, 70.7119, 77.3039, 74.6254, 80.0478, 74.8852, 74.4158, 76.5695, 77.0146, 80.7683, 78.3842, 87.3334,87.3334
79.3498, 79.4788, 77.8445, 77.4485, 81.8702, 79.9916, 78.4331, 75.7285, 76.3871, 73.9022, 71.6802, 77.0542, 75.2951, 80.7904, 75.8829, 74.4844, 76.7445, 76.03, 80.1051, 77.6357, 87.6668,87.6668
79.6052, 78.512, 78.3298, 76.5742, 82.8622, 79.8655, 79.3835, 75.4173, 77.3794, 73.7782, 72.6603, 77.2528, 75.1373, 79.803, 76.2621, 75.4097, 77.6837, 76.3734, 81.1025, 77.7088, 88.0001,88.0001
80.5805, 78.291, 78.1948, 77.5651, 83.0237, 80.8524, 79.3782, 76.4173, 76.9802, 74.6951, 73.6407, 77.0561, 76.1155, 79.5951, 76.7595, 76.2772, 78.4077, 75.6837, 81.4152, 78.6586, 88.3334,88.3334
80.0554, 77.44, 78.6137, 78.4731, 83.5354, 81.7115, 79.9002, 77.2703, 77.9717, 74.8252, 74.2141, 76.2368, 77.0685, 79.8979, 77.0659, 77.2291, 78.6101, 74.7044, 81.5101, 79.6541, 88.6668,88.6668
80.3628, 78.3916, 79.6116, 78.539, 83.9715, 82.6114, 79.7654, 78.2611, 78.486, 75.6829, 75.1083, 76.6845, 78.0681, 79.9267, 77.4446, 78.1546, 79.6045, 74.5988, 82.4357, 80.0326, 89.0001,89.0001
81.3591, 78.3065, 80.607, 78.6346, 83.0602, 82.1997, 80.4929, 77.575, 79.472, 75.5162, 76.0771, 76.4365, 78.7823, 79.2268, 77.3999, 77.1556, 80.2732, 75.3424, 82.7661, 80.9765, 89.3334,89.3334
82.0722, 79.0076, 81.5494, 78.9689, 84.0046, 82.5283, 81.0085, 78.4318, 78.5701, 75.9481, 77.0683, 76.5688, 79.5254, 79.8959, 77.9983, 77.9568, 81.1411, 75.8392, 83.4865, 81.6701, 89.6668,89.6668
82.4043, 79.9508, 82.1636, 79.7581, 84.8227, 83.1034, 80.9832, 79.4315, 78.995, 76.8533, 78.0172, 76.2534, 80.5189, 79.7816, 76.9985, 77.9774, 81.7235, 75.0262, 83.699, 82.6472, 90.0001,90.0001
82.9403, 80.795, 82.1437, 78.7583, 84.6757, 84.0926, 80.3908, 80.2371, 79.9246, 76.4847, 79.0144, 76.1777, 81.4341, 80.1845, 77.3278, 78.9216, 81.6395, 76.0227, 84.6598, 82.3699, 90.3334,90.3334
83.6262, 81.5227, 82.633, 77.8862, 85.6749, 84.0526, 80.7393, 81.1744, 79.5479, 77.411, 79.9467, 76.5392, 81.1126, 79.2376, 78.1292, 78.3235, 82.5152, 75.54, 85.3204, 83.1207, 90.6668,90.6668
84.4885, 82.0291, 83.6327, 77.8622, 86.6631, 84.2058, 79.7985, 80.8355, 78.5633, 77.5857, 80.2501, 77.4921, 81.7045, 80.0436, 78.6882, 79.1527, 82.4244, 76.5358, 86.1646, 83.6567, 91.0001,91.0001
85.4595, 82.2684, 83.4828, 78.8509, 87.5534, 84.6612, 80.796, 80.765, 78.4651, 78.5808, 81.1411, 77.0381, 82.4721, 80.6846, 79.2562, 79.9757, 81.6091, 77.1148, 87.149, 83.4807, 91.3335,91.3335
84.7053, 81.6118, 83.1186, 79.7822, 87.3657, 83.679, 80.9545, 81.7523, 77.8984, 77.7569, 82.1403, 77.0774, 83.4214, 80.3704, 80.231, 80.1989, 81.7955, 78.0973, 86.4289, 82.7868, 91.6668,91.6668
85.1541, 80.7182, 82.4569, 80.532, 86.4937, 84.1684, 80.0107, 82.0826, 77.8058, 76.7612, 82.9975, 77.5924, 84.1923, 79.7334, 81.2192, 80.352, 82.6549, 78.6086, 85.4308, 82.7247, 92.0001,92.0001
84.9221, 81.6909, 81.6884, 81.1719, 86.9679, 85.0488, 80.9577, 82.4037, 78.7578, 76.4552, 83.4057, 78.5053, 83.1932, 79.7764, 82.1517, 79.9908, 83.5832, 78.9803, 85.9266, 83.5931, 92.3335,92.3335
84.3347, 82.5002, 81.9973, 82.123, 86.1083, 84.5379, 81.5176, 81.5751, 78.8471, 77.4512, 83.8293, 77.5995, 82.215, 79.5688, 82.7646, 80.7809, 84.1806, 79.7823, 85.0097, 83.9923, 92.6668,92.6668
84.8653, 83.3478, 82.6763, 82.8571, 86.6779, 85.3598, 82.2535, 82.2522, 79.7661, 77.8456, 84.1547, 78.5451, 81.2499, 79.3069, 83.7237, 81.064, 85.1454, 80.0452, 85.598, 84.8009, 93.0001,93.0001
84.5552, 84.2985, 83.6318, 83.1522, 87.2867, 86.1531, 83.0048, 81.5923, 80.732, 77.5868, 84.7675, 79.3353, 81.3951, 78.3174, 84.6353, 80.6529, 86.093, 80.3646, 86.5195, 85.1894, 93.3335,93.3335
83.6077, 84.6182, 84.6192, 83.3103, 88.042, 86.8086, 83.2011, 82.5728, 81.3921, 78.3379, 85.6814, 79.7413, 82.391, 78.2278, 85.6351, 80.6735, 86.9965, 80.7933, 86.7476, 86.163, 93.6668,93.6668
84.4489, 85.1591, 85.4437, 83.8762, 87.9064, 87.7994, 84.1844, 82.3911, 81.4963, 79.3325, 86.6695, 79.8949, 82.4295, 79.227, 85.842, 79.6951, 87.8307, 81.3447, 87.7252, 86.3736, 94.0001,94.0001
85.448, 85.1186, 84.4438, 83.862, 88.9064, 87.8041, 83.2459, 82.7362, 81.5022, 80.3325, 86.6495, 80.8947, 82.686, 80.1936, 86.6075, 79.0517, 88.6045, 81.9782, 86.9846, 86.2604, 94.3335,94.3335
84.4637, 84.9422, 83.4472, 83.9449, 88.6051, 86.8505, 83.3053, 83.7344, 81.0379, 81.2182, 87.6452, 80.802, 83.6817, 80.1012, 86.1531, 79.9425, 87.6045, 81.9843, 86.0274, 85.9709, 94.6668,94.6668
84.6146, 85.9308, 83.6505, 84.924, 89.2983, 87.5713, 83.6627, 82.8004, 81.7575, 81.9126, 88.634, 80.6526, 84.6692, 80.2587, 87.1323, 80.1455, 87.7408, 82.975, 85.9818, 86.9699, 95.0001,95.0001
83.6359, 86.1365, 82.6808, 84.6797, 89.9586, 88.3223, 84.6517, 82.948, 80.7597, 81.8464, 88.8771, 81.6226, 85.6312, 80.5318, 87.4315, 81.0996, 87.8159, 83.9722, 85.6566, 87.9156, 95.3335,95.3335
83.4333, 87.1158, 83.679, 84.7402, 90.4674, 89.1832, 85.4688, 83.5245, 81.5112, 82.5061, 88.9199, 82.6217, 84.6582, 80.7625, 86.4629, 80.8511, 88.461, 84.7363, 86.4401, 88.537, 95.6668,95.6668
82.6739, 86.4652, 83.7111, 85.7397, 90.9982, 90.0307, 85.9216, 84.4161, 81.062, 83.3996, 88.7548, 81.6354, 85.5571, 80.3244, 87.3734, 81.2646, 88.301, 85.7234, 87.439, 88.5841, 96.0002,96.0002
82.8765, 86.4041, 83.7869, 86.7368, 90.0391, 89.7476, 84.9218, 84.3976, 82.0493, 83.5584, 88.7195, 82.6348, 85.6051, 81.3233, 86.5575, 80.6864, 87.3233, 85.9336, 88.3885, 88.2705, 96.3335,96.3335
82.7355, 87.3941, 82.8578, 87.1066, 90.8596, 90.3193, 85.0422, 85.3903, 82.6185, 82.8435, 89.0788, 83.568, 86.0763, 82.2053, 86.5475, 81.6863, 88.018, 86.653, 89.2122, 88.8376, 96.6668,96.6668
83.6829, 87.7142, 83.7756, 86.7095, 91.3537, 91.0882, 84.2831, 86.0414, 83.6083, 82.9863, 88.1596, 83.9618, 85.1093, 82.4604, 87.1102, 82.513, 87.792, 85.6789, 90.1193, 89.1287, 97.0002,97.0002
84.437, 87.0574, 84.7755, 86.7251, 91.2257, 90.0964, 83.3151, 86.2923, 83.7291, 83.979, 88.2529, 82.9662, 85.8775, 81.8201, 87.9419, 83.0681, 86.938, 86.1991, 91.098, 88.9234, 97.3335,97.3335
84.473, 88.0568, 85.7511, 86.9444, 92.1795, 89.7961, 84.0489, 86.9717, 82.7292, 83.9966, 88.5024, 81.9978, 86.7859, 81.4021, 88.9378, 83.1591, 87.7565, 86.7736, 91.1556, 88.3246, 97.6668,97.6668
85.4728, 88.0398, 86.4555, 86.2346, 92.8017, 90.579, 84.9684, 87.3649, 83.7153, 84.1627, 89.4908, 82.1493, 87.7732, 81.5611, 89.9178, 82.9601, 86.7572, 86.8103, 91.5305, 89.2516, 98.0002,98.0002
85.2121, 89.0052, 86.7682, 87.1844, 93.4075, 91.3746, 85.8947, 87.7415, 84.4343, 84.8576, 89.6053, 83.1427, 87.7799, 82.5611, 90.3233, 83.8742, 85.7591, 86.8715, 91.817, 90.2097, 98.3335,98.3335
84.3812, 89.5616, 87.5615, 87.7932, 92.4159, 91.5042, 86.6931, 87.1393, 85.4269, 84.9793, 88.6496, 82.8484, 88.263, 83.4367, 90.131, 84.8556, 85.9647, 85.8929, 90.9482, 90.7049, 98.6668,98.6668
83.3963, 89.735, 88.5201, 88.0782, 92.264, 92.4926, 87.6681, 87.3612, 86.2255, 85.5812, 89.5034, 83.3689, 88.1571, 84.4311, 90.9194, 85.4708, 86.7119, 86.5575, 91.9469, 90.7556, 99.0002,99.0002
84.3331, 90.085, 88.7467, 89.0522, 93.0758, 93.0766, 88.6681, 87.3495, 86.3247, 86.5763, 89.6735, 84.3543, 87.8995, 85.3973, 90.9592, 86.47, 87.0222, 85.6068, 92.2687, 91.7024, 99.3335,99.3335
85.2104, 90.5649, 89.7372, 89.1901, 93.5448, 92.1934, 89.6052, 87.0007, 86.1436, 87.5597, 89.5887, 85.3507, 88.2181, 86.3452, 90.9533, 87.47, 87.9556, 85.9656, 92.0765, 91.8577, 99.6668,99.6668
86.1673, 90.8554, 90.6821, 89.5174, 94.1744, 92.9704, 90.5966, 87.1319, 85.3444, 88.1608, 90.5433, 85.6486, 89.0827, 86.8478, 91.6721, 88.1652, 88.7513, 86.5713, 93.0723, 91.9491, 100,100
87.1565, 90.7092, 91.628, 89.842, 93.1828, 93.0995, 91.5427, 87.4558, 85.3285, 87.1609, 89.5919, 85.3407, 88.0972, 86.6781, 92.5245, 88.6882, 89.4466, 85.8527, 92.0737, 92.0018, 100.334,100.334
88.0957, 90.3657, 92.6199, 89.7156, 94.0639, 93.5724, 90.8647, 88.1908, 85.002, 88.1062, 90.3113, 86.0353, 89.0971, 86.6883, 91.6515, 89.1759, 89.2367, 86.8304, 91.7613, 91.1516, 100.667,100.667
87.2916, 89.7712, 92.6169, 88.7156, 95.0531, 93.7195, 90.5574, 89.1424, 85.7761, 88.7393, 90.0069, 86.9878, 89.0017, 85.6928, 91.4529, 90.156, 90.2331, 86.7457, 92.7573, 91.2402, 101,101
88.1678, 90.2532, 92.3943, 87.7407, 96.0236, 93.9605, 91.5315, 89.3686, 86.7702, 88.8473, 89.0336, 87.2171, 88.0038, 85.7573, 90.4588, 90.0482, 89.5667, 87.4913, 93.2671, 92.1005, 101.334,101.334
89.0361, 90.7492, 92.8356, 88.6381, 96.8257, 94.5577, 92.3722, 89.9101, 87.6006, 89.4045, 88.0337, 87.2318, 87.0256, 85.9651, 90.5091, 91.0469, 90.3628, 88.0964, 93.8415, 92.9191, 101.667,101.667
89.4219, 91.6718, 93.7496, 89.0437, 96.6811, 95.5472, 93.3013, 90.28, 88.4401, 89.9478, 87.7344, 88.1859, 87.9647, 86.3089, 91.5068, 90.9796, 90.5029, 87.1063, 94.7531, 93.3302, 102,102
90.4218, 91.6566, 94.5303, 89.6686, 95.7144, 95.8032, 92.785, 91.1365, 88.293, 90.9369, 88.1261, 89.106, 88.9193, 86.6066, 91.6234, 91.9728, 91.2518, 87.769, 95.6533, 92.8948, 102.334,102.334
91.3173, 92.1017, 94.6093, 90.6654, 96.7065, 95.9291, 93.1454, 92.0693, 89.2699, 91.1505, 89.1057, 89.3073, 88.1521, 85.9652, 91.6463, 90.973, 90.7201, 88.6159, 95.7597, 93.8891, 102.667,102.667
91.6419, 93.0476, 93.614, 90.5686, 97.702, 96.0231, 93.5992, 92.9604, 90.1521, 91.6214, 89.1367, 90.3068, 89.0265, 86.4504, 92.6454, 91.0159, 91.578, 89.1298, 95.9079, 94.8781, 103,103
92.368, 93.7352, 94.6028, 90.7178, 97.1007, 95.2241, 94.5907, 92.8304, 90.9483, 92.2265, 90.1334, 90.3886, 89.3346, 87.4017, 93.5872, 91.3518, 92.5707, 89.2501, 95.6017, 93.9261, 103.334,103.334
93.0983, 94.4183, 95.5953, 90.8406, 97.5188, 96.1325, 94.6929, 93.8251, 91.9129, 92.4901, 91.056, 90.003, 90.2938, 87.6843, 94.387, 91.9521, 92.3964, 90.2348, 96.6001, 93.9821, 103.667,103.667
92.5604, 95.2613, 95.3322, 91.8054, 97.9424, 97.0383, 95.4584, 93.1816, 91.3718, 93.3311, 90.4372, 90.7885, 90.2789, 88.6842, 94.8516, 92.8377, 91.4352, 89.9587, 96.7348, 94.973, 104,104
92.0962, 96.147, 94.9183, 92.7157, 98.2964, 97.9735, 96.0776, 92.3964, 90.525, 93.8631, 89.5344, 91.2186, 90.0578, 89.6594, 93.9105, 93.1759, 91.8892, 89.0677, 96.7991, 95.9709, 104.334,104.334
92.9802, 96.6144, 94.3798, 93.5583, 98.9892, 98.6947, 95.3603, 93.0931, 91.5246, 93.8356, 90.3751, 91.76, 89.65, 90.5725, 94.2386, 94.1206, 92.3596, 89.9502, 97.7991, 95.9805, 104.667,104.667
93.8618, 96.1423, 95.3774, 93.6265, 98.6463, 97.7553, 94.3603, 93.0926, 92.5198, 93.7369, 89.8419, 92.606, 90.6113, 90.2969, 93.4179, 94.692, 93.3276, 89.6991, 97.424, 95.0535, 105,105
94.8604, 96.1962, 95.4437, 92.6287, 99.4994, 97.2336, 95.3461, 93.2603, 93.263, 94.4059, 90.2169, 91.679, 91.1156, 91.1604, 94.4117, 94.8038, 94.2519, 90.0808, 96.7627, 95.8036, 105.334,105.334
95.8489, 96.3474, 96.4121, 92.8782, 99.6484, 98.2224, 96.2964, 93.5717, 92.47, 95.0151, 90.3726, 92.6668, 92.0523, 91.5107, 95.1995, 94.1878, 93.9038, 91.0183, 97.7464, 95.9833, 105.667,105.667
96.1813, 97.2905, 97.1058, 93.5984, 100.118, 99.1052, 96.4426, 92.5825, 93.442, 95.2502, 90.7962, 93.5726, 92.9215, 92.005, 94.2083, 94.0551, 94.7436, 90.4754, 98.5763, 96.5411, 106,106
95.1953, 97.4571, 97.2434, 94.5889, 100.727, 99.8988, 97.1268, 91.8533, 93.8504, 96.163, 91.7937, 93.6436, 93.6757, 92.6617, 95.2044, 94.1437, 95.1246, 91.4, 99.4429, 97.0402, 106.334,106.334
94.1976, 97.525, 98.2128, 94.8343, 100.518, 100.424, 96.1697, 91.5638, 94.8423, 96.2893, 91.9909, 94.6239, 93.9109, 93.6337, 96.1913, 93.9822, 95.4412, 90.4515, 99.1259, 96.0918, 106.667,106.667
93.906, 98.4815, 98.1649, 95.8332, 101.101, 101.237, 95.1846, 91.7363, 94.3776, 97.1748, 91.0011, 94.481, 94.9108, 93.6169, 97.0876, 94.4255, 96.0525, 91.2429, 99.7843, 96.8445, 107,107
92.9856, 98.8725, 98.5003, 96.7752, 101.094, 102, 95.7493, 92.5616, 93.6275, 97.8361, 91.2554, 95.4481, 95.6807, 94.255, 97.0224, 95.4234, 96.3903, 92.1841, 99.7975, 97.8444, 107.334,107.334
92.145, 99.4141, 98.9575, 97.6646, 100.841, 102.967, 96.478, 93.2464, 93.8133, 96.8536, 91.4832, 96.4218, 96.2438, 95.0814, 97.3386, 96.3721, 96.2914, 93.1792, 99.9025, 98.8389, 107.667,107.667
92.8437, 100.13, 99.2857, 98.6092, 101.374, 103.813, 97.1419, 93.9942, 93.7661, 97.8524, 92.1873, 97.1319, 95.2527, 94.9483, 97.4646, 97.3641, 97.2442, 92.8756, 100.078, 99.8234, 108,108
93.8435, 100.147, 99.2764, 99.6092, 101.003, 102.885, 96.6943, 94.8884, 93.8019, 98.8518, 93.1751, 97.2876, 94.79, 95.8348, 97.6897, 98.3385, 98.1926, 93.1928, 100.656, 100.639, 108.334,108.334
94.8352, 100.018, 98.4098, 100.108, 102.001, 102.938, 96.4826, 95.8658, 92.839, 98.5822, 94.1749, 97.3082, 94.6979, 94.8391, 97.3259, 99.2699, 98.3692, 94.177, 100.692, 101.639, 108.667,108.667
95.7373, 99.5868, 99.3973, 100.266, 101.882, 101.945, 96.7527, 96.8286, 93.8389, 98.5743, 94.974, 97.9094, 95.1018, 95.7538, 98.317, 99.4032, 99.2205, 94.7017, 100.228, 100.753, 109,109
95.6287, 98.5927, 100.393, 100.355, 102.882, 101.94, 96.882, 97.8202, 93.9033, 97.5763, 95.682, 98.6156, 94.7676, 96.6964, 99.085, 100.044, 99.3578, 95.6922, 99.6859, 101.593, 109.334,109.334
95.4122, 97.6164, 101.33, 100.704, 102.892, 102.94, 97.0153, 98.8113, 94.6962, 96.967, 96.2313, 99.4512, 95.7292, 96.971, 99.9199, 100.594, 99.2882, 96.6898, 99.2409, 102.489, 109.667,109.667
95.9376, 98.4673, 101.241, 101.7, 102.784, 103.934, 97.7295, 99.5112, 94.7864, 95.9711, 96.9951, 98.8057, 95.4281, 97.9246, 100.864, 100.265, 100.269, 96.4973, 98.241, 102.473, 110,110
96.696, 99.1191, 101.791, 102.536, 102.674, 104.928, 98.7, 99.7522, 95.3555, 96.7934, 97.9939, 98.7572, 96.299, 98.416, 101.614, 100.927, 100.75, 97.3745, 98.9403, 101.758, 110.334,110.334
97.5194, 99.6865, 102.737, 102.86, 101.676, 104.999, 99.0412, 100.692, 96.3525, 96.8697, 98.2735, 99.7173, 95.6445, 99.1721, 100.635, 101.133, 101.532, 97.9971, 98.7364, 102.737, 110.667,110.667
97.6649, 98.6971, 102.051, 103.587, 102.669, 104.879, 99.8467, 101.285, 96.827, 95.9894, 97.4457, 99.1563, 95.6608, 100.172, 99.6904, 100.806, 101.218, 98.9465, 99.1677, 101.835, 111,111
97.684, 97.6973, 103.046, 103.68, 101.805, 104.374, 99.9414, 102.28, 97.3227, 96.8579, 97.9555, 100.017, 96.2713, 100.964, 100.625, 100.45, 101.413, 99.9273, 100.162, 101.729, 111.334,111.334
96.928, 98.352, 102.904, 102.69, 102.804, 104.32, 100.044, 103.275, 98.1149, 97.4682, 97.4037, 100.851, 97.1449, 101.451, 101.554, 100.822, 100.561, 99.4034, 100.989, 102.292, 111.667,111.667
97.6478, 99.0461, 103.835, 103.056, 102.793, 105.32, 99.9978, 104.274, 98.7083, 98.2731, 97.2077, 101.831, 96.1588, 101.284, 101.653, 101.817, 101.314, 98.7449, 101.125, 103.282, 112,112
98.505, 99.5611, 103.601, 102.084, 102.488, 106.272, 99.0082, 104.418, 98.5735, 99.264, 97.3397, 102.822, 97.0725, 100.878, 101.064, 101.008, 102.213, 99.1824, 102.024, 103.721, 112.334,112.334
97.5066, 99.6185, 103.041, 102.912, 103.406, 106.668, 99.8593, 104.943, 98.4396, 100.255, 98.1665, 102.26, 96.1173, 101.174, 100.32, 100.34, 102.915, 98.4697, 101.637, 104.643, 112.667,112.667
96.9888, 100.474, 103.384, 103.852, 104.404, 106.724, 100.29, 105.845, 99.4321, 100.133, 98.2694, 103.255, 96.9952, 101.653, 101.319, 100.283, 102.02, 98.9165, 102.124, 105.516, 113,113
96.005, 100.654, 103.288, 104.847, 105.174, 107.361, 101.28, 105.988, 99.8279, 99.2143, 99.0445, 103.886, 97.8564, 102.161, 102.291, 100.049, 101.303, 99.6142, 101.147, 105.73, 113.334,113.334
96.9276, 101.039, 102.444, 105.384, 106.033, 107.874, 100.323, 106.279, 100.49, 98.465, 100.044, 103.925, 98.8451, 102.011, 102.687, 100.967, 101.968, 100.362, 102.095, 105.409, 113.667,113.667
97.4164, 101.912, 102.5, 104.386, 105.218, 107.761, 101.262, 105.934, 101.457, 98.2097, 99.2971, 104.59, 99.3881, 102.851, 103.666, 101.168, 100.971, 100.277, 103.051, 105.702, 114,114
98.3847, 102.161, 102.29, 103.408, 105.951, 107.08, 100.643, 106.72, 102.449, 98.0811, 98.5543, 105.259, 98.9292, 103.74, 104.396, 100.483, 101.942, 100.516, 103.814, 106.348, 114.334,114.334
99.2826, 101.721, 103.226, 103.759, 106.256, 108.032, 100.078, 105.895, 102.708, 99.0469, 99.5315, 105.471, 99.1306, 102.76, 104.18, 99.5069, 102.933, 100.65, 103.4, 107.258, 114.667,114.667
100.279, 101.801, 102.253, 103.992, 106.927, 108.773, 100.964, 105.432, 102.425, 100.006, 99.7352, 106.451, 99.3582, 103.734, 104.369, 100.489, 103.809, 101.132, 102.529, 107.75, 115,115
101.237, 102.089, 102.324, 104.989, 107.739, 109.266, 100.06, 105.005, 102.442, 101.006, 100.373, 107.221, 98.9552, 104.649, 105.02, 99.73, 104.036, 102.106, 103.494, 108.012, 115.334,115.334
101.134, 101.095, 102.171, 104.001, 108.472, 109.947, 99.5337, 105.855, 103.316, 100.52, 99.5884, 107.841, 99.9457, 104.512, 105.237, 100.706, 104.734, 101.39, 104.12, 108.793, 115.667,115.667
101.722, 100.285, 103.082, 103.588, 107.626, 110.48, 99.4821, 106.854, 103.848, 101.367, 100.441, 108.364, 100.823, 104.993, 105.414, 101.69, 104.867, 102.381, 105.098, 109.001, 116,116
102.406, 101.014, 103.14, 104.586, 106.629, 110.568, 99.0753, 105.94, 102.853, 101.47, 101.437, 108.455, 100.46, 105.925, 105.414, 102.69, 104.892, 103.381, 105.955, 109.515, 116.334,116.334
102.002, 101.929, 103.979, 105.13, 107.531, 110.136, 99.1942, 106.933, 102.89, 102.47, 102.393, 108.16, 100.282, 106.909, 105.121, 103.647, 103.951, 103.718, 106.313, 110.449, 116.667,116.667
102.105, 102.924, 104.951, 105.364, 107.508, 109.136, 99.547, 107.869, 102.345, 103.308, 103.392, 108.184, 101.099, 106.331, 105.823, 102.934, 104.207, 104.685, 106.542, 111.423, 117,117
102.223, 101.931, 105.046, 104.369, 108.237, 109.271, 99.458, 108.865, 103.161, 103.886, 104.279, 108.647, 100.458, 107.099, 106.638, 102.354, 103.319, 105.144, 105.558, 111.602, 117.334,117.334
103.22, 102.018, 106.018, 104.135, 109.075, 109.817, 100.1, 108.098, 102.162, 103.84, 105.23, 108.956, 101.452, 107.209, 107.171, 103.201, 104.319, 105.108, 105.859, 110.649, 117.667,117.667
104.211, 102.147, 106.629, 104.927, 110.045, 110.06, 101.078, 108.309, 101.27, 104.292, 104.458, 108.45, 102.399, 106.888, 107.655, 104.075, 104.527, 106.086, 106.798, 110.305, 118,118
104.661, 103.04, 106.832, 105.906, 110.341, 109.105, 102.068, 108.171, 101.339, 105.29, 103.495, 108.719, 103.395, 106.985, 106.66, 103.976, 104.056, 106.968, 105.803, 110.198, 118.334,118.334
105.645, 103.218, 107.667, 105.356, 109.637, 109.815, 103.059, 108.039, 101.237, 104.295, 104.495, 108.73, 103.572, 107.969, 106.229, 104.878, 104.914, 106.455, 106.803, 110.189, 118.667,118.667
105.476, 104.204, 108.563, 105.801, 110.247, 109.023, 103.435, 108.966, 102.195, 104.579, 105.194, 108.015, 103.522, 106.97, 106.733, 105.742, 104.597, 107.03, 107.8, 110.266, 119,119
106.313, 103.657, 108.76, 106.781, 110.354, 110.017, 102.435, 108.94, 102.801, 105.375, 106.19, 107.919, 103.576, 105.972, 106.713, 104.742, 105.572, 107.252, 108.799, 110.212, 119.334,119.334
107.01, 104.374, 107.763, 106.868, 110.483, 109.026, 103.005, 108.119, 103.794, 105.256, 107.048, 107.406, 104.548, 106.207, 106.711, 105.742, 106.354, 106.628, 109.799, 110.204, 119.667,119.667
106.01, 104.378, 107.898, 107.859, 110.269, 110.003, 103.605, 108.919, 104.491, 105.973, 108.03, 107.218, 105.548, 106.171, 107.525, 105.161, 107.312, 106.914, 109.67, 111.196, 120,120
106.537, 105.228, 106.942, 107.566, 110.974, 110.713, 104.222, 109.706, 105.433, 105.637, 108.875, 106.684, 106.499, 105.862, 108.485, 104.881, 107.285, 107.914, 110.596, 110.818, 120.334,120.334
107.535, 105.28, 106.96, 106.567, 111.524, 109.878, 103.815, 108.793, 105.6, 104.651, 108.76, 107.677, 107.44, 106.2, 108.946, 105.769, 107.205, 108.911, 110.882, 111.776, 120.667,120.667
108.39, 105.798, 107.659, 105.852, 111.683, 110.865, 103.668, 107.803, 105.026, 103.833, 109.423, 108.426, 107.836, 107.118, 108.894, 104.77, 106.988, 109.887, 111.079, 110.796, 121,121
108.827, 104.899, 106.764, 105.407, 111.783, 111.86, 104.628, 108.082, 104.886, 104.823, 110.221, 109.028, 107.599, 108.09, 109.611, 104.073, 107.895, 110.309, 110.713, 109.865, 121.334,121.334
109.105, 105.859, 106.566, 106.387, 112.725, 112.195, 104.622, 107.082, 105.769, 104.354, 109.287, 109.384, 107.088, 108.95, 109.732, 105.065, 108.812, 110.707, 111.091, 110.791, 121.667,121.667
108.492, 106.649, 107.513, 106.066, 113.482, 112.849, 104.735, 106.089, 105.333, 105.254, 109.683, 110.302, 107.905, 109.526, 110.713, 105.258, 109.04, 109.734, 111.815, 110.939, 122,122
109.118, 107.429, 107.62, 105.072, 114.269, 113.465, 105.491, 105.464, 105.342, 104.254, 110.114, 111.204, 107.08, 110.09, 111.629, 105.658, 108.044, 109.652, 112.776, 110.661, 122.334,122.334
109.875, 108.082, 108.185, 105.896, 115.258, 113.314, 105.923, 106.366, 104.767, 103.436, 111.089, 111.426, 106.143, 110.441, 111.72, 104.662, 107.763, 110.612, 112.849, 111.659, 122.667,122.667
110.74, 108.584, 108.023, 106.883, 116.253, 113.408, 106.87, 106.686, 105.351, 104.248, 112.069, 111.224, 107.099, 110.147, 111.822, 105.657, 108.763, 110.647, 113.063, 112.635, 123,123
111.621, 109.057, 108.637, 107.673, 115.509, 114.077, 107.663, 107.296, 105.164, 105.23, 113.066, 111.294, 106.457, 109.38, 112.282, 106.545, 109.758, 110.553, 112.063, 112.644, 123.334,123.334
110.622, 109.005, 109.344, 108.38, 115.41, 115.072, 108.663, 107.275, 106.121, 104.942, 114.023, 111.586, 105.689, 110.02, 112.983, 107.258, 110.524, 111.196, 111.692, 113.572, 123.667,123.667
111.571, 109.322, 109.598, 109.347, 116.267, 115.588, 108.835, 108.26, 106.653, 105.789, 113.557, 112.471, 106.679, 110.159, 112.596, 108.18, 111.068, 112.035, 112.644, 113.879, 124,124
112.183, 108.531, 109.68, 110.344, 115.437, 116.145, 109.269, 109.161, 106.341, 106.739, 114.099, 113.311, 107.647, 109.906, 111.849, 107.515, 111.131, 113.033, 113.642, 113.935, 124.334,124.334
112.654, 107.649, 108.681, 110.384, 115.685, 117.113, 109.859, 109.969, 107.335, 106.842, 113.108, 113.446, 108.607, 109.627, 110.965, 107.048, 112.131, 113.018, 114.196, 114.767, 124.667,124.667
112.423, 108.622, 109.592, 110.797, 116.649, 117.378, 110.287, 110.872, 107.958, 107.624, 113.726, 114.232, 109.582, 109.847, 110.998, 106.048, 111.882, 112.049, 114.829, 115.541, 125,125
112.844, 109.529, 110.592, 110.811, 115.724, 117.758, 110.263, 111.872, 108.514, 108.456, 114.4, 113.493, 110.419, 110.395, 111.948, 105.737, 111.404, 112.928, 115.553, 116.232, 125.334,125.334
111.884, 109.249, 110.931, 111.752, 116.688, 117.49, 110.203, 112.87, 109.145, 109.231, 113.819, 114.308, 110.444, 111.395, 112.94, 105.863, 111.307, 113.923, 114.699, 116.753, 125.667,125.667
111.843, 110.249, 111.915, 111.929, 117.073, 117.014, 109.628, 113.688, 109.831, 109.959, 113.083, 114.985, 109.888, 110.563, 112.262, 106.598, 111.864, 114.754, 115.134, 115.853, 126,126
110.859, 110.424, 112.889, 112.156, 118.036, 116.748, 109.99, 114.621, 109.067, 109.314, 114.065, 115.177, 110.357, 111.446, 112.635, 107.526, 112.75, 115.218, 115.944, 116.439, 126.334,126.334
111.845, 110.256, 113.862, 111.925, 118.142, 117.742, 110.914, 115.003, 109.946, 108.837, 114.312, 114.208, 111.091, 110.767, 112.052, 108.339, 112.928, 116.202, 116.876, 116.803, 126.667,126.667
112.66, 110.835, 114.124, 112.89, 118.801, 118.494, 111.702, 114.387, 110.945, 108.888, 115.311, 114.16, 111.945, 110.247, 112.95, 108.78, 111.931, 116.126, 117.783, 116.382, 127,127
113.276, 111.622, 114.851, 113.577, 119.602, 117.895, 112.193, 115.257, 111.572, 109.667, 114.774, 115.004, 112.945, 110.266, 113.949, 108.821, 110.954, 115.915, 118.368, 117.192, 127.334,127.334
113.981, 112.332, 115.851, 113.577, 119.062, 118.736, 111.63, 116.084, 111.078, 110.537, 115.645, 115.496, 113.673, 109.581, 113.365, 109.633, 111.056, 114.92, 117.558, 116.606, 127.667,127.667
114.613, 113.107, 116.801, 113.891, 118.066, 118.834, 112.63, 116.093, 112.008, 110.904, 116.555, 115.083, 114.225, 108.747, 112.78, 108.822, 112.048, 114.797, 117.396, 117.593, 128,128
114.432, 114.09, 116.547, 112.924, 118.883, 118.257, 112.124, 115.23, 111.243, 111.547, 117.554, 115.122, 114.023, 109.726, 111.849, 108.457, 111.339, 114.093, 116.438, 117.303, 128.334,128.334
114.435, 113.09, 117.437, 113.379, 119.005, 118.684, 112.749, 116.01, 111.232, 112.547, 118.197, 115.888, 114.84, 110.303, 111.006, 107.919, 112.24, 114.525, 115.501, 117.652, 128.667,128.667
113.772, 112.341, 117.253, 114.362, 118.745, 119.65, 113.545, 116.616, 112.218, 112.718, 118.32, 114.896, 114.63, 111.281, 111.051, 108.918, 113.236, 114.619, 116.425, 118.036, 129,129
113.842, 111.344, 116.88, 113.434, 119.338, 120.455, 112.558, 116.454, 112.467, 113.686, 119.32, 114.885, 114.424, 112.26, 111.584, 109.764, 113.4, 113.633, 117.298, 118.523, 129.334,129.334
114.042, 112.324, 116.03, 112.906, 120.338, 120.45, 113.557, 116.491, 112.5, 114.686, 119.238, 115.882, 114.854, 113.163, 112.579, 109.857, 114.004, 112.836, 117.704, 119.437, 129.667,129.667
115.018, 112.542, 115.838, 113.887, 121.337, 120.393, 113.506, 117.49, 111.59, 115.1, 118.962, 116.843, 114.537, 114.111, 113.377, 110.46, 114.975, 113.074, 118.676, 119.203, 130,130
115.918, 112.107, 115.719, 114.88, 120.393, 120.063, 114.482, 117.705, 112.204, 115.889, 119.164, 117.822, 115.537, 114.075, 114.024, 111.222, 114.139, 113.622, 119.673, 119.281, 130.334,130.334
116.849, 112.472, 116.592, 115.368, 119.405, 119.911, 115.372, 117.248, 112.801, 115.087, 118.169, 117.923, 115.437, 115.071, 113.041, 111.405, 114.287, 112.633, 120.673, 119.301, 130.667,130.667
116.679, 113.457, 115.613, 115.576, 120.389, 120.087, 114.44, 117.612, 112.713, 116.083, 118.212, 116.924, 114.542, 114.624, 112.592, 110.512, 113.504, 113.255, 120.454, 118.325, 131,131
116.59, 114.453, 116.554, 115.915, 119.395, 119.978, 115.064, 118.394, 113.703, 116.224, 119.145, 117.284, 114.721, 115.608, 113.421, 109.952, 114.48, 113.473, 120.566, 117.331, 131.334,131.334
117.59, 114.463, 116.921, 116.845, 119.255, 118.988, 116.044, 118.594, 113.152, 115.39, 118.412, 116.604, 115.37, 114.848, 113.666, 110.921, 115.48, 113.495, 119.675, 117.785, 131.667,131.667
118.341, 115.124, 117.521, 117.646, 118.351, 119.415, 116.776, 117.913, 113.879, 116.076, 119.375, 116.337, 115.573, 115.828, 113.929, 111.886, 114.518, 113.22, 119.449, 116.811, 132,132
117.348, 115.006, 118.327, 117.053, 119.349, 119.464, 116.897, 116.921, 112.89, 116.226, 120.261, 116.8, 114.575, 115.887, 114.273, 112.825, 114.046, 114.101, 119.525, 117.808, 132.334,132.334
116.78, 115.829, 117.618, 117.758, 118.461, 119.923, 117.775, 117.4, 112.751, 117.217, 119.359, 117.232, 114.712, 116.878, 114.928, 113.581, 114.83, 114.722, 119.724, 118.788, 132.667,132.667
116.207, 116.648, 116.626, 117.883, 119.319, 119.41, 118.292, 118.256, 113.079, 116.272, 120.351, 117.358, 113.795, 117.278, 115.181, 112.613, 114.167, 113.974, 119.27, 119.679, 133,133
117.009, 116.051, 116.69, 118.881, 120.315, 119.313, 117.299, 118.372, 112.907, 117.257, 121.175, 117.925, 113.793, 118.278, 115.824, 113.379, 115.074, 114.395, 118.543, 120.365, 133.334,133.334
118.006, 116.126, 117.589, 119.319, 120.301, 118.313, 117.037, 119.337, 113.75, 116.719, 120.859, 116.977, 114.483, 117.554, 116.297, 114.26, 115.649, 115.213, 119.145, 121.163, 133.667,133.667
117.558, 117.02, 118.093, 118.455, 119.376, 118.694, 116.313, 120.027, 112.864, 116.257, 120.335, 116.125, 113.63, 117.213, 115.303, 114.145, 116.205, 116.045, 118.212, 121.523, 134,134
116.736, 116.45, 117.229, 117.951, 118.779, 119.496, 117.016, 120.738, 113.126, 117.222, 119.45, 116.592, 113.596, 116.214, 114.517, 114.762, 115.297, 116.463, 117.3, 121.112, 134.334,134.334
116.657, 115.453, 116.346, 118.422, 117.865, 119.088, 116.605, 119.826, 114.062, 117.575, 118.662, 117.207, 114.557, 115.94, 113.541, 114.544, 114.311, 116.632, 116.302, 121.173, 134.667,134.667
117.656, 115.427, 117.292, 118.746, 118.274, 120.001, 116.096, 118.965, 113.114, 117.895, 117.82, 117.747, 115.251, 116.66, 112.899, 113.778, 114.1, 115.655, 115.633, 121.917, 135,135
116.763, 114.978, 116.318, 118.522, 119.261, 120.164, 115.698, 118.048, 113.405, 116.938, 118.485, 118.494, 114.995, 117.627, 112.249, 114.538, 114.779, 116.389, 114.677, 121.625, 135.334,135.334
115.834, 114.607, 116.332, 119.522, 119.63, 120.051, 115.31, 117.126, 112.703, 116.227, 117.563, 118.107, 115.799, 118.222, 113.249, 114.5, 115.346, 117.212, 115.653, 121.84, 135.667,135.667
116.833, 114.549, 117.187, 119.002, 120.623, 120.169, 114.343, 116.871, 113.638, 115.872, 118.184, 117.323, 116.794, 118.113, 114.183, 114.144, 116.219, 116.723, 114.768, 121.375, 136,136
117.828, 114.455, 117.159, 118.002, 121.035, 120.025, 115.22, 117.351, 114.164, 115.022, 118.249, 116.325, 116.399, 119.032, 115.183, 114.157, 115.262, 117.016, 115.432, 120.627, 136.334,136.334
117.495, 115.397, 117.912, 118.66, 121.548, 119.166, 116.063, 117.889, 115.14, 115.243, 119.127, 116.804, 117.317, 118.636, 116.019, 114.704, 114.464, 117.618, 116.429, 120.546, 136.667,136.667
117.935, 116.295, 117.221, 119.383, 120.994, 118.334, 117.032, 117.641, 116.118, 115.448, 118.727, 115.888, 118.298, 118.829, 117.017, 114.773, 114.524, 116.62, 115.493, 120.898, 137,137
118.857, 115.907, 118.216, 119.481, 121.119, 117.342, 118.029, 117.573, 116.65, 114.601, 118.672, 114.889, 119.264, 118.571, 116.024, 114.885, 114.277, 115.651, 116.321, 120.338, 137.334,137.334
119.754, 115.464, 118.508, 118.525, 121.013, 116.348, 117.595, 116.672, 117.337, 113.875, 118.686, 115.889, 118.861, 119.486, 116.904, 114.411, 115.268, 115.518, 116.947, 119.558, 137.667,137.667
119.944, 114.482, 117.545, 118.796, 120.102, 116.761, 118.425, 116.115, 116.713, 113.094, 117.768, 115.494, 118.281, 118.671, 116.02, 113.943, 115.507, 116.489, 117.92, 119.793, 138,138
119.136, 115.072, 116.703, 119.336, 119.89, 117.738, 119.13, 116.824, 117.705, 112.974, 117.567, 116.474, 117.389, 118.218, 115.178, 114.483, 115.621, 117.483, 118.913, 119.681, 138.334,138.334
120.136, 115.066, 116.153, 118.501, 119.105, 118.357, 120.129, 116.848, 117.658, 113.973, 116.774, 117.083, 116.807, 117.405, 116.098, 114.877, 115.369, 118.45, 118.113, 119.082, 138.667,138.667
121.134, 115.131, 116.875, 119.192, 118.906, 117.377, 119.76, 115.919, 118.199, 114.814, 115.785, 116.929, 116.415, 118.325, 116.596, 115.744, 115.895, 119.301, 117.475, 118.312, 139,139
120.475, 114.379, 117.204, 118.248, 118.141, 116.734, 118.767, 116.045, 119.11, 114.402, 114.847, 117.274, 116.339, 119.322, 117.304, 115.038, 115.797, 118.305, 117.51, 119.311, 139.334,139.334
120.422, 113.38, 116.634, 117.426, 117.167, 116.509, 117.856, 115.633, 118.25, 114.912, 114.289, 116.444, 116.236, 120.317, 117.689, 115.961, 114.903, 117.857, 116.55, 119.591, 139.667,139.667
119.995, 114.284, 117.464, 116.869, 116.553, 117.298, 118.158, 114.68, 119.024, 115.546, 113.905, 117.367, 115.282, 120.018, 116.689, 115.934, 114.389, 118.715, 115.55, 119.586, 140,140
119.25, 114.951, 116.681, 116.247, 115.782, 116.661, 117.178, 114.481, 118.045, 115.749, 113.01, 116.922, 114.306, 120.234, 117.689, 115.956, 115.388, 118.677, 114.774, 118.956, 140.334,140.334
118.298, 115.255, 115.935, 115.581, 114.783, 116.696, 116.314, 113.978, 117.48, 116.574, 112.186, 117.49, 113.336, 119.993, 117.559, 116.948, 115.074, 117.727, 113.774, 118.956, 140.667,140.667
118.281, 114.255, 115.85, 114.585, 115.575, 116.086, 116.245, 112.98, 116.505, 116.35, 112.954, 116.849, 112.637, 119.278, 116.999, 117.776, 115.046, 116.728, 114.291, 118.1, 141,141
118.137, 113.266, 116.558, 113.879, 115.577, 115.086, 115.532, 112.279, 115.54, 116.088, 113.205, 117.817, 113.135, 118.411, 117.035, 116.777, 114.869, 115.744, 113.317, 117.872, 141.334,141.334
